city,year,month,day,size_bytes
Delhi,2022,5,1,53043
Delhi,2022,5,2,52579
Delhi,2022,5,3,52808
Delhi,2022,5,4,52789
Delhi,2022,5,5,52631
Delhi,2022,5,6,53016
Delhi,2022,5,7,52887
Delhi,2022,5,8,52820
Delhi,2022,5,9,52584
Delhi,2022,5,10,52701
Delhi,2022,5,11,52625
Delhi,2022,5,12,52781
Delhi,2022,5,13,52678
Delhi,2022,5,14,52812
Delhi,2022,5,15,52943
Delhi,2022,5,16,53182
Delhi,2022,5,17,53074
Delhi,2022,5,18,53003
Delhi,2022,5,19,52822
Delhi,2022,5,20,52885
Delhi,2022,5,21,53142
Delhi,2022,5,22,52847
Delhi,2022,5,23,52670
Delhi,2022,5,24,53107
Delhi,2022,5,25,53005
Delhi,2022,5,26,52619
Delhi,2022,5,27,52964
Delhi,2022,5,28,52874
Delhi,2022,5,29,52790
Delhi,2022,5,30,52872
Delhi,2022,5,31,52945
Dubai,2019,6,1,76122
Dubai,2019,6,2,76183
Dubai,2019,6,3,76278
Dubai,2019,6,4,76326
Dubai,2019,6,5,76290
Dubai,2019,6,6,76255
Dubai,2019,6,7,76274
Dubai,2019,6,8,76206
Dubai,2019,6,9,76078
Dubai,2019,6,10,76134
Dubai,2019,6,11,76531
Dubai,2019,6,12,76234
Dubai,2019,6,13,76248
Dubai,2019,6,14,76319
Dubai,2019,6,15,76513
Dubai,2019,6,16,76131
Dubai,2019,6,17,76318
Dubai,2019,6,18,76847
Dubai,2019,6,19,76323
Dubai,2019,6,20,76170
Dubai,2019,6,21,76477
Dubai,2019,6,22,76211
Dubai,2019,6,23,76174
Dubai,2019,6,24,76329
Dubai,2019,6,25,76395
Dubai,2019,6,26,76124
Dubai,2019,6,27,76217
Dubai,2019,6,28,76193
Dubai,2019,6,29,76390
Dubai,2019,6,30,76120
Dubai,2019,7,1,76027
Dubai,2019,7,2,75999
Dubai,2019,7,3,76212
Dubai,2019,7,4,76219
Dubai,2019,7,5,76083
Dubai,2019,7,6,76157
Dubai,2019,7,7,76525
Dubai,2019,7,8,76140
Dubai,2019,7,9,76157
Dubai,2019,7,10,76053
Dubai,2019,7,11,76374
Dubai,2019,7,12,76305
Dubai,2019,7,13,76411
Dubai,2019,7,14,76286
Dubai,2019,7,15,76120
Dubai,2019,7,16,76200
Dubai,2019,7,17,76203
Dubai,2019,7,18,76341
Dubai,2019,7,19,76241
Dubai,2019,7,20,76201
Dubai,2019,7,21,76217
Dubai,2019,7,22,76223
Dubai,2019,7,23,76185
Dubai,2019,7,24,76138
Dubai,2019,7,25,76146
Dubai,2019,7,26,76224
Dubai,2019,7,27,76509
Dubai,2019,7,28,76199
Dubai,2019,7,29,76560
Dubai,2019,7,30,76198
Dubai,2019,7,31,76361
Dubai,2019,8,1,76049
Dubai,2019,8,2,76110
Dubai,2019,8,3,76222
Dubai,2019,8,4,76190
Dubai,2019,8,5,76037
Dubai,2019,8,6,76113
Dubai,2019,8,7,76311
Dubai,2019,8,8,76165
Dubai,2019,8,9,76435
Dubai,2019,8,10,76396
Dubai,2019,8,11,76082
Dubai,2019,8,12,76516
Dubai,2019,8,13,76350
Dubai,2019,8,14,76508
Dubai,2019,8,15,76235
Dubai,2019,8,16,76167
Dubai,2019,8,17,76227
Dubai,2019,8,18,76164
Dubai,2019,8,19,76176
Dubai,2019,8,20,76235
Dubai,2019,8,21,76409
Dubai,2019,8,22,76159
Dubai,2019,8,23,76537
Dubai,2019,8,24,76144
Dubai,2019,8,25,76082
Dubai,2019,8,26,76004
Dubai,2019,8,27,76537
Dubai,2019,8,28,76242
Dubai,2019,8,29,76226
Dubai,2019,8,30,76025
Dubai,2019,8,31,75978
Dubai,2020,6,1,76215
Dubai,2020,6,2,76562
Dubai,2020,6,3,76112
Dubai,2020,6,4,76101
Dubai,2020,6,5,76214
Dubai,2020,6,6,76510
Dubai,2020,6,7,76598
Dubai,2020,6,8,76285
Dubai,2020,6,9,76779
Dubai,2020,6,10,76353
Dubai,2020,6,11,76110
Dubai,2020,6,12,75981
Dubai,2020,6,13,76176
Dubai,2020,6,14,76548
Dubai,2020,6,15,76494
Dubai,2020,6,16,76151
Dubai,2020,6,17,76408
Dubai,2020,6,18,76204
Dubai,2020,6,19,76230
Dubai,2020,6,20,76142
Dubai,2020,6,21,76340
Dubai,2020,6,22,76095
Dubai,2020,6,23,76125
Dubai,2020,6,24,76133
Dubai,2020,6,25,76111
Dubai,2020,6,26,76122
Dubai,2020,6,27,76135
Dubai,2020,6,28,76105
Dubai,2020,6,29,76208
Dubai,2020,6,30,76128
Dubai,2020,7,1,76639
Dubai,2020,7,2,76360
Dubai,2020,7,3,76256
Dubai,2020,7,4,76229
Dubai,2020,7,5,76115
Dubai,2020,7,6,76346
Dubai,2020,7,7,76416
Dubai,2020,7,8,76162
Dubai,2020,7,9,76569
Dubai,2020,7,10,76268
Dubai,2020,7,11,76320
Dubai,2020,7,12,76220
Dubai,2020,7,13,76728
Dubai,2020,7,14,76537
Dubai,2020,7,15,76266
Dubai,2020,7,16,76627
Dubai,2020,7,17,76459
Dubai,2020,7,18,76285
Dubai,2020,7,19,76039
Dubai,2020,7,20,76361
Dubai,2020,7,21,76258
Dubai,2020,7,22,76189
Dubai,2020,7,23,76188
Dubai,2020,7,24,76124
Dubai,2020,7,25,76076
Dubai,2020,7,26,76223
Dubai,2020,7,27,76183
Dubai,2020,7,28,76229
Dubai,2020,7,29,76251
Dubai,2020,7,30,76162
Dubai,2020,7,31,76197
Dubai,2020,8,1,76138
Dubai,2020,8,2,76189
Dubai,2020,8,3,76039
Dubai,2020,8,4,75950
Dubai,2020,8,5,76025
Dubai,2020,8,6,76130
Dubai,2020,8,7,76088
Dubai,2020,8,8,76138
Dubai,2020,8,9,76110
Dubai,2020,8,10,76223
Dubai,2020,8,11,76306
Dubai,2020,8,12,76147
Dubai,2020,8,13,76381
Dubai,2020,8,14,76010
Dubai,2020,8,15,76271
Dubai,2020,8,16,76224
Dubai,2020,8,17,76044
Dubai,2020,8,18,76221
Dubai,2020,8,19,76514
Dubai,2020,8,20,76030
Dubai,2020,8,21,76296
Dubai,2020,8,22,76093
Dubai,2020,8,23,76053
Dubai,2020,8,24,76279
Dubai,2020,8,25,76304
Dubai,2020,8,26,76365
Dubai,2020,8,27,76683
Dubai,2020,8,28,76418
Dubai,2020,8,29,76030
Dubai,2020,8,30,76592
Dubai,2020,8,31,76059
Dubai,2021,6,1,76156
Dubai,2021,6,2,76194
Dubai,2021,6,3,76548
Dubai,2021,6,4,76325
Dubai,2021,6,5,76521
Dubai,2021,6,6,76179
Dubai,2021,6,7,76199
Dubai,2021,6,8,76103
Dubai,2021,6,9,76575
Dubai,2021,6,10,76159
Dubai,2021,6,11,76215
Dubai,2021,6,12,76117
Dubai,2021,6,13,76477
Dubai,2021,6,14,76119
Dubai,2021,6,15,76139
Dubai,2021,6,16,76029
Dubai,2021,6,17,76362
Dubai,2021,6,18,76182
Dubai,2021,6,19,76257
Dubai,2021,6,20,76314
Dubai,2021,6,21,76338
Dubai,2021,6,22,76285
Dubai,2021,6,23,76279
Dubai,2021,6,24,76238
Dubai,2021,6,25,76133
Dubai,2021,6,26,76227
Dubai,2021,6,27,76208
Dubai,2021,6,28,76117
Dubai,2021,6,29,76082
Dubai,2021,6,30,76138
Dubai,2021,7,1,76099
Dubai,2021,7,2,76112
Dubai,2021,7,3,76199
Dubai,2021,7,4,76202
Dubai,2021,7,5,76541
Dubai,2021,7,6,76305
Dubai,2021,7,7,76202
Dubai,2021,7,8,76180
Dubai,2021,7,9,76161
Dubai,2021,7,10,76274
Dubai,2021,7,11,76255
Dubai,2021,7,12,76361
Dubai,2021,7,13,76226
Dubai,2021,7,14,76189
Dubai,2021,7,15,76491
Dubai,2021,7,16,76036
Dubai,2021,7,17,76492
Dubai,2021,7,18,76683
Dubai,2021,7,19,76091
Dubai,2021,7,20,76149
Dubai,2021,7,21,76119
Dubai,2021,7,22,76090
Dubai,2021,7,23,76145
Dubai,2021,7,24,76164
Dubai,2021,7,25,76546
Dubai,2021,7,26,76085
Dubai,2021,7,27,76072
Dubai,2021,7,28,76182
Dubai,2021,7,29,76238
Dubai,2021,7,30,76262
Dubai,2021,7,31,76549
Dubai,2021,8,1,76165
Dubai,2021,8,2,76126
Dubai,2021,8,3,76473
Dubai,2021,8,4,76015
Dubai,2021,8,5,76023
Dubai,2021,8,6,76377
Dubai,2021,8,7,76253
Dubai,2021,8,8,76642
Dubai,2021,8,9,76276
Dubai,2021,8,10,76184
Dubai,2021,8,11,76196
Dubai,2021,8,12,76476
Dubai,2021,8,13,76126
Dubai,2021,8,14,76480
Dubai,2021,8,15,76146
Dubai,2021,8,16,76337
Dubai,2021,8,17,76401
Dubai,2021,8,18,76202
Dubai,2021,8,19,76472
Dubai,2021,8,20,76183
Dubai,2021,8,21,76124
Dubai,2021,8,22,76149
Dubai,2021,8,23,76167
Dubai,2021,8,24,76558
Dubai,2021,8,25,76503
Dubai,2021,8,26,76132
Dubai,2021,8,27,76154
Dubai,2021,8,28,76273
Dubai,2021,8,29,76393
Dubai,2021,8,30,76187
Dubai,2021,8,31,76189
Dubai,2022,6,1,76245
Dubai,2022,6,2,76222
Dubai,2022,6,3,76195
Dubai,2022,6,4,76264
Dubai,2022,6,5,76249
Dubai,2022,6,6,76170
Dubai,2022,6,7,76197
Dubai,2022,6,8,76232
Dubai,2022,6,9,76107
Dubai,2022,6,10,76013
Dubai,2022,6,11,76130
Dubai,2022,6,12,76226
Dubai,2022,6,13,76326
Dubai,2022,6,14,76254
Dubai,2022,6,15,76266
Dubai,2022,6,16,76139
Dubai,2022,6,17,76109
Dubai,2022,6,18,76318
Dubai,2022,6,19,76148
Dubai,2022,6,20,76168
Dubai,2022,6,21,76216
Dubai,2022,6,22,76262
Dubai,2022,6,23,76174
Dubai,2022,6,24,76251
Dubai,2022,6,25,76466
Dubai,2022,6,26,76049
Dubai,2022,6,27,76372
Dubai,2022,6,28,76341
Dubai,2022,6,29,76258
Dubai,2022,6,30,76283
Dubai,2022,7,1,76617
Dubai,2022,7,2,76153
Dubai,2022,7,3,76282
Dubai,2022,7,4,76549
Dubai,2022,7,5,76620
Dubai,2022,7,6,76678
Dubai,2022,7,7,76795
Dubai,2022,7,8,76791
Dubai,2022,7,9,76733
Dubai,2022,7,10,76736
Dubai,2022,7,11,76576
Dubai,2022,7,12,76202
Dubai,2022,7,13,76405
Dubai,2022,7,14,76128
Dubai,2022,7,15,76262
Dubai,2022,7,16,76265
Dubai,2022,7,17,76212
Dubai,2022,7,18,76243
Dubai,2022,7,19,76190
Dubai,2022,7,20,76256
Dubai,2022,7,21,76653
Dubai,2022,7,22,76646
Dubai,2022,7,23,76156
Dubai,2022,7,24,76293
Dubai,2022,7,25,76609
Dubai,2022,7,26,77100
Dubai,2022,7,27,77306
Dubai,2022,7,28,76787
Dubai,2022,7,29,76620
Dubai,2022,7,30,76604
Dubai,2022,7,31,76114
Dubai,2022,8,1,76756
Dubai,2022,8,2,76508
Dubai,2022,8,3,76296
Dubai,2022,8,4,76563
Dubai,2022,8,5,76497
Dubai,2022,8,6,76206
Dubai,2022,8,7,76115
Dubai,2022,8,8,76062
Dubai,2022,8,9,76369
Dubai,2022,8,10,76126
Dubai,2022,8,11,76169
Dubai,2022,8,12,76266
Dubai,2022,8,13,76149
Dubai,2022,8,14,76180
Dubai,2022,8,15,76182
Dubai,2022,8,16,76357
Dubai,2022,8,17,76209
Dubai,2022,8,18,76130
Dubai,2022,8,19,76449
Dubai,2022,8,20,76251
Dubai,2022,8,21,76125
Dubai,2022,8,22,76226
Dubai,2022,8,23,76240
Dubai,2022,8,24,76270
Dubai,2022,8,25,76080
Dubai,2022,8,26,76006
Dubai,2022,8,27,76164
Dubai,2022,8,28,76100
Dubai,2022,8,29,76208
Dubai,2022,8,30,76198
Dubai,2022,8,31,76114
Dubai,2023,6,1,76057
Dubai,2023,6,2,76218
Dubai,2023,6,3,75967
Dubai,2023,6,4,76189
Dubai,2023,6,5,76177
Dubai,2023,6,6,76164
Dubai,2023,6,7,76078
Dubai,2023,6,8,76024
Dubai,2023,6,9,76154
Dubai,2023,6,10,76453
Dubai,2023,6,11,76216
Dubai,2023,6,12,76197
Dubai,2023,6,13,76089
Dubai,2023,6,14,76183
Dubai,2023,6,15,76226
Dubai,2023,6,16,76226
Dubai,2023,6,17,76371
Dubai,2023,6,18,76176
Dubai,2023,6,19,76207
Dubai,2023,6,20,76495
Dubai,2023,6,21,76208
Dubai,2023,6,22,76330
Dubai,2023,6,23,76550
Dubai,2023,6,24,76254
Dubai,2023,6,25,76224
Dubai,2023,6,26,76533
Dubai,2023,6,27,76245
Dubai,2023,6,28,76199
Dubai,2023,6,29,76155
Dubai,2023,6,30,76394
Dubai,2023,7,1,76118
Dubai,2023,7,2,76152
Dubai,2023,7,3,76151
Dubai,2023,7,4,76177
Dubai,2023,7,5,76070
Dubai,2023,7,6,76294
Dubai,2023,7,7,76314
Dubai,2023,7,8,76265
Dubai,2023,7,9,76543
Dubai,2023,7,10,76549
Dubai,2023,7,11,76241
Dubai,2023,7,12,76396
Dubai,2023,7,13,76418
Dubai,2023,7,14,76317
Dubai,2023,7,15,76266
Dubai,2023,7,16,76216
Dubai,2023,7,17,76216
Dubai,2023,7,18,76504
Dubai,2023,7,19,76458
Dubai,2023,7,20,76104
Dubai,2023,7,21,76309
Dubai,2023,7,22,76368
Dubai,2023,7,23,76157
Dubai,2023,7,24,76327
Dubai,2023,7,25,76320
Dubai,2023,7,26,76044
Dubai,2023,7,27,76177
Dubai,2023,7,28,76214
Dubai,2023,7,29,76187
Dubai,2023,7,30,76237
Dubai,2023,7,31,76003
Dubai,2023,8,1,76500
Dubai,2023,8,2,76634
Dubai,2023,8,3,76175
Dubai,2023,8,4,76253
Dubai,2023,8,5,76630
Dubai,2023,8,6,76122
Dubai,2023,8,7,76235
Dubai,2023,8,8,76172
Dubai,2023,8,9,76380
Dubai,2023,8,10,76477
Dubai,2023,8,11,76214
Dubai,2023,8,12,76462
Dubai,2023,8,13,76414
Dubai,2023,8,14,76039
Dubai,2023,8,15,76232
Dubai,2023,8,16,76226
Dubai,2023,8,17,76184
Dubai,2023,8,18,76123
Dubai,2023,8,19,76057
Dubai,2023,8,20,76107
Dubai,2023,8,21,76038
Dubai,2023,8,22,76006
Dubai,2023,8,23,75984
Dubai,2023,8,24,76317
Dubai,2023,8,25,76257
Dubai,2023,8,26,76334
Dubai,2023,8,27,76156
Dubai,2023,8,28,76149
Dubai,2023,8,29,76017
Dubai,2023,8,30,76345
Dubai,2023,8,31,76131
Dubai,2024,6,1,76243
Dubai,2024,6,2,76030
Dubai,2024,6,3,76222
Dubai,2024,6,4,76234
Dubai,2024,6,5,76208
Dubai,2024,6,6,76203
Dubai,2024,6,7,76147
Dubai,2024,6,8,76317
Dubai,2024,6,9,76458
Dubai,2024,6,10,76146
Dubai,2024,6,11,76409
Dubai,2024,6,12,76168
Dubai,2024,6,13,76171
Dubai,2024,6,14,76176
Dubai,2024,6,15,76126
Dubai,2024,6,16,76172
Dubai,2024,6,17,76210
Dubai,2024,6,18,76383
Dubai,2024,6,19,76174
Dubai,2024,6,20,76231
Dubai,2024,6,21,76154
Dubai,2024,6,22,76759
Dubai,2024,6,23,76290
Dubai,2024,6,24,76146
Dubai,2024,6,25,76184
Dubai,2024,6,26,76098
Dubai,2024,6,27,76114
Dubai,2024,6,28,76093
Dubai,2024,6,29,76219
Dubai,2024,6,30,76107
Dubai,2024,7,1,76077
Dubai,2024,7,2,76156
Dubai,2024,7,3,76106
Dubai,2024,7,4,76212
Dubai,2024,7,5,76071
Dubai,2024,7,6,75976
Dubai,2024,7,7,76201
Dubai,2024,7,8,76274
Dubai,2024,7,9,76274
Dubai,2024,7,10,76275
Dubai,2024,7,11,76210
Dubai,2024,7,12,76054
Dubai,2024,7,13,76209
Dubai,2024,7,14,76221
Dubai,2024,7,15,76054
Dubai,2024,7,16,76174
Dubai,2024,7,17,76154
Dubai,2024,7,18,76140
Dubai,2024,7,19,76094
Dubai,2024,7,20,76231
Dubai,2024,7,21,76246
Dubai,2024,7,22,76261
Dubai,2024,7,23,76125
Dubai,2024,7,24,76103
Dubai,2024,7,25,76141
Dubai,2024,7,26,76064
Dubai,2024,7,27,76046
Dubai,2024,7,28,76194
Dubai,2024,7,29,76166
Dubai,2024,7,30,76328
Dubai,2024,7,31,76213
Dubai,2024,8,1,76163
Dubai,2024,8,2,76076
Dubai,2024,8,3,76164
Dubai,2024,8,4,76227
Dubai,2024,8,5,76190
Dubai,2024,8,6,76870
Dubai,2024,8,7,76148
Dubai,2024,8,8,76143
Dubai,2024,8,9,76368
Dubai,2024,8,10,76198
Dubai,2024,8,11,76212
Dubai,2024,8,12,76099
Dubai,2024,8,13,76207
Dubai,2024,8,14,76245
Dubai,2024,8,15,76180
Dubai,2024,8,16,76154
Dubai,2024,8,17,76130
Dubai,2024,8,18,76050
Dubai,2024,8,19,76053
Dubai,2024,8,20,76197
Dubai,2024,8,21,76107
Dubai,2024,8,22,76129
Dubai,2024,8,23,76058
Dubai,2024,8,24,76502
Dubai,2024,8,25,76096
Dubai,2024,8,26,75929
Dubai,2024,8,27,75964
Dubai,2024,8,28,76079
Dubai,2024,8,29,76374
Dubai,2024,8,30,76485
Dubai,2024,8,31,76427
Lagos,2019,6,1,86421
Lagos,2019,6,2,86014
Lagos,2019,6,3,85706
Lagos,2019,6,4,85495
Lagos,2019,6,5,85691
Lagos,2019,6,6,86134
Lagos,2019,6,7,86305
Lagos,2019,6,8,86131
Lagos,2019,6,9,86262
Lagos,2019,6,10,85900
Lagos,2019,6,11,85465
Lagos,2019,6,12,85905
Lagos,2019,6,13,85648
Lagos,2019,6,14,86265
Lagos,2019,6,15,86137
Lagos,2019,6,16,85466
Lagos,2019,6,17,86103
Lagos,2019,6,18,85620
Lagos,2019,6,19,85890
Lagos,2019,6,20,86013
Lagos,2019,6,21,85572
Lagos,2019,6,22,85208
Lagos,2019,6,23,86064
Lagos,2019,6,24,86167
Lagos,2019,6,25,86225
Lagos,2019,6,26,85941
Lagos,2019,6,27,86215
Lagos,2019,6,28,86055
Lagos,2019,6,29,85769
Lagos,2019,6,30,85268
Lagos,2019,7,1,85754
Lagos,2019,7,2,85359
Lagos,2019,7,3,85507
Lagos,2019,7,4,85844
Lagos,2019,7,5,85612
Lagos,2019,7,6,85508
Lagos,2019,7,7,86329
Lagos,2019,7,8,85953
Lagos,2019,7,9,85965
Lagos,2019,7,10,85666
Lagos,2019,7,11,86454
Lagos,2019,7,12,86868
Lagos,2019,7,13,85941
Lagos,2019,7,14,86041
Lagos,2019,7,15,86530
Lagos,2019,7,16,86261
Lagos,2019,7,17,85167
Lagos,2019,7,18,85757
Lagos,2019,7,19,86331
Lagos,2019,7,20,86308
Lagos,2019,7,21,85773
Lagos,2019,7,22,86090
Lagos,2019,7,23,85970
Lagos,2019,7,24,85248
Lagos,2019,7,25,85786
Lagos,2019,7,26,86189
Lagos,2019,7,27,86188
Lagos,2019,7,28,86045
Lagos,2019,7,29,86121
Lagos,2019,7,30,86080
Lagos,2019,7,31,85512
Lagos,2019,8,1,85998
Lagos,2019,8,2,86346
Lagos,2019,8,3,85920
Lagos,2019,8,4,85666
Lagos,2019,8,5,85728
Lagos,2019,8,6,85935
Lagos,2019,8,7,85353
Lagos,2019,8,8,86170
Lagos,2019,8,9,86200
Lagos,2019,8,10,85820
Lagos,2019,8,11,85368
Lagos,2019,8,12,85567
Lagos,2019,8,13,85933
Lagos,2019,8,14,85666
Lagos,2019,8,15,85214
Lagos,2019,8,16,85790
Lagos,2019,8,17,85492
Lagos,2019,8,18,85710
Lagos,2019,8,19,85886
Lagos,2019,8,20,85671
Lagos,2019,8,21,86097
Lagos,2019,8,22,86063
Lagos,2019,8,23,86182
Lagos,2019,8,24,86340
Lagos,2019,8,25,85826
Lagos,2019,8,26,86121
Lagos,2019,8,27,86047
Lagos,2019,8,28,86366
Lagos,2019,8,29,85590
Lagos,2019,8,30,85486
Lagos,2019,8,31,85946
Lagos,2020,3,1,48603
Lagos,2020,3,2,48648
Lagos,2020,3,3,48707
Lagos,2020,3,4,48684
Lagos,2020,3,5,48676
Lagos,2020,3,6,48765
Lagos,2020,3,7,48813
Lagos,2020,3,8,48837
Lagos,2020,3,9,48675
Lagos,2020,3,10,48742
Lagos,2020,3,11,48702
Lagos,2020,3,12,48672
Lagos,2020,3,13,48696
Lagos,2020,3,14,48787
Lagos,2020,3,15,48782
Lagos,2020,3,16,48873
Lagos,2020,3,17,48834
Lagos,2020,3,18,48842
Lagos,2020,3,19,48900
Lagos,2020,3,20,48711
Lagos,2020,3,21,48675
Lagos,2020,3,22,48695
Lagos,2020,3,23,48825
Lagos,2020,3,24,48744
Lagos,2020,3,25,48779
Lagos,2020,3,26,48646
Lagos,2020,3,27,48726
Lagos,2020,3,28,48705
Lagos,2020,3,29,48791
Lagos,2020,3,30,48833
Lagos,2020,3,31,48735
Lagos,2020,6,1,85164
Lagos,2020,6,2,85211
Lagos,2020,6,3,85329
Lagos,2020,6,4,85629
Lagos,2020,6,5,85479
Lagos,2020,6,6,85663
Lagos,2020,6,7,85514
Lagos,2020,6,8,85639
Lagos,2020,6,9,86123
Lagos,2020,6,10,86203
Lagos,2020,6,11,86003
Lagos,2020,6,12,85979
Lagos,2020,6,13,85397
Lagos,2020,6,14,85641
Lagos,2020,6,15,85207
Lagos,2020,6,16,85591
Lagos,2020,6,17,85830
Lagos,2020,6,18,86165
Lagos,2020,6,19,86042
Lagos,2020,6,20,86035
Lagos,2020,6,21,86004
Lagos,2020,6,22,85606
Lagos,2020,6,23,85421
Lagos,2020,6,24,85493
Lagos,2020,6,25,85673
Lagos,2020,6,26,85810
Lagos,2020,6,27,85712
Lagos,2020,6,28,86068
Lagos,2020,6,29,86584
Lagos,2020,6,30,86137
Lagos,2020,7,1,85779
Lagos,2020,7,2,85683
Lagos,2020,7,3,86332
Lagos,2020,7,4,86627
Lagos,2020,7,5,86009
Lagos,2020,7,6,85326
Lagos,2020,7,7,86324
Lagos,2020,7,8,86309
Lagos,2020,7,9,86334
Lagos,2020,7,10,86391
Lagos,2020,7,11,86571
Lagos,2020,7,12,86106
Lagos,2020,7,13,85933
Lagos,2020,7,14,85754
Lagos,2020,7,15,85535
Lagos,2020,7,16,85714
Lagos,2020,7,17,85716
Lagos,2020,7,18,85527
Lagos,2020,7,19,85564
Lagos,2020,7,20,86217
Lagos,2020,7,21,86145
Lagos,2020,7,22,85888
Lagos,2020,7,23,85703
Lagos,2020,7,24,85508
Lagos,2020,7,25,85559
Lagos,2020,7,26,85855
Lagos,2020,7,27,85627
Lagos,2020,7,28,85987
Lagos,2020,7,29,85376
Lagos,2020,7,30,85537
Lagos,2020,7,31,86010
Lagos,2020,8,1,85150
Lagos,2020,8,2,84933
Lagos,2020,8,3,84793
Lagos,2020,8,4,84756
Lagos,2020,8,5,85019
Lagos,2020,8,6,84942
Lagos,2020,8,7,85200
Lagos,2020,8,8,84654
Lagos,2020,8,9,84857
Lagos,2020,8,10,85052
Lagos,2020,8,11,85042
Lagos,2020,8,12,84630
Lagos,2020,8,13,84896
Lagos,2020,8,14,85546
Lagos,2020,8,15,85337
Lagos,2020,8,16,84874
Lagos,2020,8,17,85079
Lagos,2020,8,18,84920
Lagos,2020,8,19,85132
Lagos,2020,8,20,85580
Lagos,2020,8,21,85619
Lagos,2020,8,22,85650
Lagos,2020,8,23,84813
Lagos,2020,8,24,84739
Lagos,2020,8,25,84987
Lagos,2020,8,26,84734
Lagos,2020,8,27,85190
Lagos,2020,8,28,85778
Lagos,2020,8,29,85721
Lagos,2020,8,30,85709
Lagos,2020,8,31,85982
Lagos,2021,6,1,85681
Lagos,2021,6,2,83316
Lagos,2021,6,3,85249
Lagos,2021,6,4,85459
Lagos,2021,6,5,86113
Lagos,2021,6,6,85308
Lagos,2021,6,7,84313
Lagos,2021,6,8,84796
Lagos,2021,6,9,85796
Lagos,2021,6,10,84920
Lagos,2021,6,11,84827
Lagos,2021,6,12,82960
Lagos,2021,6,13,84605
Lagos,2021,6,14,84709
Lagos,2021,6,15,85288
Lagos,2021,6,16,86262
Lagos,2021,6,17,86021
Lagos,2021,6,18,85369
Lagos,2021,6,19,85694
Lagos,2021,6,20,86134
Lagos,2021,6,21,86442
Lagos,2021,6,22,86078
Lagos,2021,6,23,86481
Lagos,2021,6,24,85731
Lagos,2021,6,25,85178
Lagos,2021,6,26,85866
Lagos,2021,6,27,84817
Lagos,2021,6,28,85683
Lagos,2021,6,29,85733
Lagos,2021,6,30,85826
Lagos,2021,7,1,85914
Lagos,2021,7,2,85803
Lagos,2021,7,3,86197
Lagos,2021,7,4,85853
Lagos,2021,7,5,85470
Lagos,2021,7,6,85909
Lagos,2021,7,7,85928
Lagos,2021,7,8,85774
Lagos,2021,7,9,86350
Lagos,2021,7,10,85927
Lagos,2021,7,11,85921
Lagos,2021,7,12,86013
Lagos,2021,7,13,86269
Lagos,2021,7,14,85894
Lagos,2021,7,15,86001
Lagos,2021,7,16,86112
Lagos,2021,7,17,85605
Lagos,2021,7,18,85399
Lagos,2021,7,19,85873
Lagos,2021,7,20,86102
Lagos,2021,7,21,85051
Lagos,2021,7,22,85276
Lagos,2021,7,23,85571
Lagos,2021,7,24,85478
Lagos,2021,7,25,85206
Lagos,2021,7,26,85330
Lagos,2021,7,27,85145
Lagos,2021,7,28,84934
Lagos,2021,7,29,85359
Lagos,2021,7,30,85983
Lagos,2021,7,31,85613
Lagos,2021,8,1,85415
Lagos,2021,8,2,85145
Lagos,2021,8,3,86231
Lagos,2021,8,4,86041
Lagos,2021,8,5,85991
Lagos,2021,8,6,85107
Lagos,2021,8,7,86271
Lagos,2021,8,8,86481
Lagos,2021,8,9,86284
Lagos,2021,8,10,85849
Lagos,2021,8,11,86651
Lagos,2021,8,12,86157
Lagos,2021,8,13,85887
Lagos,2021,8,14,85837
Lagos,2021,8,15,85856
Lagos,2021,8,16,85824
Lagos,2021,8,17,85589
Lagos,2021,8,18,85836
Lagos,2021,8,19,86284
Lagos,2021,8,20,86724
Lagos,2021,8,21,86555
Lagos,2021,8,22,86057
Lagos,2021,8,23,85540
Lagos,2021,8,24,86185
Lagos,2021,8,25,85927
Lagos,2021,8,26,86047
Lagos,2021,8,27,86279
Lagos,2021,8,28,85732
Lagos,2021,8,29,86257
Lagos,2021,8,30,86122
Lagos,2021,8,31,85229
Lagos,2022,6,1,85216
Lagos,2022,6,2,85390
Lagos,2022,6,3,85515
Lagos,2022,6,4,86198
Lagos,2022,6,5,85463
Lagos,2022,6,6,85261
Lagos,2022,6,7,84815
Lagos,2022,6,8,85668
Lagos,2022,6,9,85776
Lagos,2022,6,10,85956
Lagos,2022,6,11,85841
Lagos,2022,6,12,84696
Lagos,2022,6,13,85857
Lagos,2022,6,14,86534
Lagos,2022,6,15,86276
Lagos,2022,6,16,86197
Lagos,2022,6,17,86323
Lagos,2022,6,18,86560
Lagos,2022,6,19,85184
Lagos,2022,6,20,85513
Lagos,2022,6,21,86216
Lagos,2022,6,22,86060
Lagos,2022,6,23,85508
Lagos,2022,6,24,86111
Lagos,2022,6,25,86239
Lagos,2022,6,26,85797
Lagos,2022,6,27,85824
Lagos,2022,6,28,86653
Lagos,2022,6,29,86482
Lagos,2022,6,30,86662
Lagos,2022,7,1,86178
Lagos,2022,7,2,85417
Lagos,2022,7,3,84887
Lagos,2022,7,4,85965
Lagos,2022,7,5,86128
Lagos,2022,7,6,85318
Lagos,2022,7,7,86130
Lagos,2022,7,8,86208
Lagos,2022,7,9,86325
Lagos,2022,7,10,86111
Lagos,2022,7,11,86218
Lagos,2022,7,12,85917
Lagos,2022,7,13,85884
Lagos,2022,7,14,85640
Lagos,2022,7,15,86109
Lagos,2022,7,16,86183
Lagos,2022,7,17,85527
Lagos,2022,7,18,85310
Lagos,2022,7,19,85110
Lagos,2022,7,20,85273
Lagos,2022,7,21,85557
Lagos,2022,7,22,86165
Lagos,2022,7,23,85747
Lagos,2022,7,24,85900
Lagos,2022,7,25,85933
Lagos,2022,7,26,85877
Lagos,2022,7,27,86107
Lagos,2022,7,28,86105
Lagos,2022,7,29,85459
Lagos,2022,7,30,85801
Lagos,2022,7,31,85984
Lagos,2022,8,1,86241
Lagos,2022,8,2,85185
Lagos,2022,8,3,85153
Lagos,2022,8,4,85490
Lagos,2022,8,5,85299
Lagos,2022,8,6,85138
Lagos,2022,8,7,85025
Lagos,2022,8,8,85214
Lagos,2022,8,9,85481
Lagos,2022,8,10,85758
Lagos,2022,8,11,86214
Lagos,2022,8,12,86150
Lagos,2022,8,13,85996
Lagos,2022,8,14,85928
Lagos,2022,8,15,86377
Lagos,2022,8,16,85619
Lagos,2022,8,17,84784
Lagos,2022,8,18,84976
Lagos,2022,8,19,86329
Lagos,2022,8,20,85350
Lagos,2022,8,21,84634
Lagos,2022,8,22,85765
Lagos,2022,8,23,86344
Lagos,2022,8,24,85234
Lagos,2022,8,25,85107
Lagos,2022,8,26,86147
Lagos,2022,8,27,86341
Lagos,2022,8,28,85723
Lagos,2022,8,29,85256
Lagos,2022,8,30,86409
Lagos,2022,8,31,86205
Lagos,2023,6,1,85539
Lagos,2023,6,2,86193
Lagos,2023,6,3,85628
Lagos,2023,6,4,85483
Lagos,2023,6,5,85830
Lagos,2023,6,6,85869
Lagos,2023,6,7,86148
Lagos,2023,6,8,86003
Lagos,2023,6,9,85680
Lagos,2023,6,10,86308
Lagos,2023,6,11,86156
Lagos,2023,6,12,85531
Lagos,2023,6,13,84774
Lagos,2023,6,14,85828
Lagos,2023,6,15,86203
Lagos,2023,6,16,85959
Lagos,2023,6,17,85653
Lagos,2023,6,18,85717
Lagos,2023,6,19,85904
Lagos,2023,6,20,86204
Lagos,2023,6,21,86323
Lagos,2023,6,22,85992
Lagos,2023,6,23,86422
Lagos,2023,6,24,86481
Lagos,2023,6,25,85980
Lagos,2023,6,26,85366
Lagos,2023,6,27,86340
Lagos,2023,6,28,86802
Lagos,2023,6,29,86378
Lagos,2023,6,30,85858
Lagos,2023,7,1,86036
Lagos,2023,7,2,85481
Lagos,2023,7,3,85463
Lagos,2023,7,4,86208
Lagos,2023,7,5,85409
Lagos,2023,7,6,85568
Lagos,2023,7,7,85805
Lagos,2023,7,8,86281
Lagos,2023,7,9,86040
Lagos,2023,7,10,86004
Lagos,2023,7,11,85864
Lagos,2023,7,12,86179
Lagos,2023,7,13,85929
Lagos,2023,7,14,85343
Lagos,2023,7,15,85445
Lagos,2023,7,16,85665
Lagos,2023,7,17,85801
Lagos,2023,7,18,85593
Lagos,2023,7,19,85806
Lagos,2023,7,20,86067
Lagos,2023,7,21,86197
Lagos,2023,7,22,86490
Lagos,2023,7,23,86315
Lagos,2023,7,24,86166
Lagos,2023,7,25,85380
Lagos,2023,7,26,85332
Lagos,2023,7,27,85785
Lagos,2023,7,28,86063
Lagos,2023,7,29,86351
Lagos,2023,7,30,85832
Lagos,2023,7,31,86039
Lagos,2023,8,1,86154
Lagos,2023,8,2,86228
Lagos,2023,8,3,85232
Lagos,2023,8,4,85540
Lagos,2023,8,5,85775
Lagos,2023,8,6,85387
Lagos,2023,8,7,85813
Lagos,2023,8,8,86305
Lagos,2023,8,9,86154
Lagos,2023,8,10,85826
Lagos,2023,8,11,85903
Lagos,2023,8,12,86158
Lagos,2023,8,13,86263
Lagos,2023,8,14,86295
Lagos,2023,8,15,85652
Lagos,2023,8,16,85396
Lagos,2023,8,17,85771
Lagos,2023,8,18,85902
Lagos,2023,8,19,85736
Lagos,2023,8,20,85930
Lagos,2023,8,21,85194
Lagos,2023,8,22,85377
Lagos,2023,8,23,85663
Lagos,2023,8,24,86150
Lagos,2023,8,25,85671
Lagos,2023,8,26,85768
Lagos,2023,8,27,85673
Lagos,2023,8,28,85721
Lagos,2023,8,29,85523
Lagos,2023,8,30,86468
Lagos,2023,8,31,85815
Lagos,2024,6,1,85516
Lagos,2024,6,2,85686
Lagos,2024,6,3,85369
Lagos,2024,6,4,85710
Lagos,2024,6,5,86116
Lagos,2024,6,6,85824
Lagos,2024,6,7,85902
Lagos,2024,6,8,85875
Lagos,2024,6,9,85802
Lagos,2024,6,10,86059
Lagos,2024,6,11,86565
Lagos,2024,6,12,85085
Lagos,2024,6,13,85623
Lagos,2024,6,14,86068
Lagos,2024,6,15,86100
Lagos,2024,6,16,85496
Lagos,2024,6,17,85238
Lagos,2024,6,18,84933
Lagos,2024,6,19,85239
Lagos,2024,6,20,85624
Lagos,2024,6,21,85936
Lagos,2024,6,22,85633
Lagos,2024,6,23,85471
Lagos,2024,6,24,85614
Lagos,2024,6,25,86470
Lagos,2024,6,26,85501
Lagos,2024,6,27,85158
Lagos,2024,6,28,85814
Lagos,2024,6,29,85864
Lagos,2024,6,30,86080
Lagos,2024,7,1,85588
Lagos,2024,7,2,86242
Lagos,2024,7,3,86050
Lagos,2024,7,4,86024
Lagos,2024,7,5,85872
Lagos,2024,7,6,86143
Lagos,2024,7,7,86052
Lagos,2024,7,8,86110
Lagos,2024,7,9,86213
Lagos,2024,7,10,86238
Lagos,2024,7,11,86119
Lagos,2024,7,12,86111
Lagos,2024,7,13,86266
Lagos,2024,7,14,86041
Lagos,2024,7,15,85871
Lagos,2024,7,16,85668
Lagos,2024,7,17,85551
Lagos,2024,7,18,85963
Lagos,2024,7,19,85892
Lagos,2024,7,20,86239
Lagos,2024,7,21,85855
Lagos,2024,7,22,85517
Lagos,2024,7,23,85363
Lagos,2024,7,24,85380
Lagos,2024,7,25,85435
Lagos,2024,7,26,85448
Lagos,2024,7,27,85349
Lagos,2024,7,28,86153
Lagos,2024,7,29,86074
Lagos,2024,7,30,85908
Lagos,2024,7,31,85593
Lagos,2024,8,1,86046
Lagos,2024,8,2,85780
Lagos,2024,8,3,85527
Lagos,2024,8,4,85525
Lagos,2024,8,5,85337
Lagos,2024,8,6,85364
Lagos,2024,8,7,85686
Lagos,2024,8,8,85423
Lagos,2024,8,9,85470
Lagos,2024,8,10,85088
Lagos,2024,8,11,84900
Lagos,2024,8,12,85890
Lagos,2024,8,13,85799
Lagos,2024,8,14,85368
Lagos,2024,8,15,85688
Lagos,2024,8,16,85904
Lagos,2024,8,17,85539
Lagos,2024,8,18,85282
Lagos,2024,8,19,85652
Lagos,2024,8,20,86465
Lagos,2024,8,21,85614
Lagos,2024,8,22,85870
Lagos,2024,8,23,86419
Lagos,2024,8,24,85820
Lagos,2024,8,25,85939
Lagos,2024,8,26,86021
Lagos,2024,8,27,86223
Lagos,2024,8,28,85503
Lagos,2024,8,29,84966
Lagos,2024,8,30,85993
Lagos,2024,8,31,86407
London,2019,6,1,86520
London,2019,6,2,88277
London,2019,6,3,88641
London,2019,6,4,89772
London,2019,6,5,89635
London,2019,6,6,88701
London,2019,6,7,91725
London,2019,6,8,90381
London,2019,6,9,89619
London,2019,6,10,92075
London,2019,6,11,92288
London,2019,6,12,91214
London,2019,6,13,90727
London,2019,6,14,89821
London,2019,6,15,89837
London,2019,6,16,88976
London,2019,6,17,88408
London,2019,6,18,90363
London,2019,6,19,90599
London,2019,6,20,89628
London,2019,6,21,88459
London,2019,6,22,87675
London,2019,6,23,88732
London,2019,6,24,89787
London,2019,6,25,91881
London,2019,6,26,88401
London,2019,6,27,86363
London,2019,6,28,86884
London,2019,6,29,86752
London,2019,6,30,86809
London,2019,7,1,86682
London,2019,7,2,87241
London,2019,7,3,87525
London,2019,7,4,87139
London,2019,7,5,86954
London,2019,7,6,89712
London,2019,7,7,91610
London,2019,7,8,90110
London,2019,7,9,89854
London,2019,7,10,90077
London,2019,7,11,89506
London,2019,7,12,89088
London,2019,7,13,89331
London,2019,7,14,90006
London,2019,7,15,87229
London,2019,7,16,87177
London,2019,7,17,86730
London,2019,7,18,89843
London,2019,7,19,89939
London,2019,7,20,90345
London,2019,7,21,88081
London,2019,7,22,87673
London,2019,7,23,86721
London,2019,7,24,86757
London,2019,7,25,86845
London,2019,7,26,90407
London,2019,7,27,91379
London,2019,7,28,89263
London,2019,7,29,86816
London,2019,7,30,90762
London,2019,7,31,89674
London,2019,8,1,88989
London,2019,8,2,88862
London,2019,8,3,88591
London,2019,8,4,88216
London,2019,8,5,88757
London,2019,8,6,88597
London,2019,8,7,88382
London,2019,8,8,88727
London,2019,8,9,90820
London,2019,8,10,89590
London,2019,8,11,88765
London,2019,8,12,90608
London,2019,8,13,88649
London,2019,8,14,90212
London,2019,8,15,88543
London,2019,8,16,89134
London,2019,8,17,89072
London,2019,8,18,88759
London,2019,8,19,88236
London,2019,8,20,86244
London,2019,8,21,87922
London,2019,8,22,86328
London,2019,8,23,86543
London,2019,8,24,86652
London,2019,8,25,86833
London,2019,8,26,86495
London,2019,8,27,89083
London,2019,8,28,89815
London,2019,8,29,88171
London,2019,8,30,85935
London,2019,8,31,87841
London,2020,6,1,87028
London,2020,6,2,87027
London,2020,6,3,90167
London,2020,6,4,90628
London,2020,6,5,90212
London,2020,6,6,89853
London,2020,6,7,89241
London,2020,6,8,89013
London,2020,6,9,89908
London,2020,6,10,91657
London,2020,6,11,90689
London,2020,6,12,90417
London,2020,6,13,89069
London,2020,6,14,88867
London,2020,6,15,89629
London,2020,6,16,89750
London,2020,6,17,90670
London,2020,6,18,91208
London,2020,6,19,90374
London,2020,6,20,89101
London,2020,6,21,89757
London,2020,6,22,86604
London,2020,6,23,86530
London,2020,6,24,86238
London,2020,6,25,86703
London,2020,6,26,89137
London,2020,6,27,90583
London,2020,6,28,89641
London,2020,6,29,88269
London,2020,6,30,89993
London,2020,7,1,90215
London,2020,7,2,90365
London,2020,7,3,88827
London,2020,7,4,89787
London,2020,7,5,88637
London,2020,7,6,88778
London,2020,7,7,89377
London,2020,7,8,90933
London,2020,7,9,91019
London,2020,7,10,89528
London,2020,7,11,86760
London,2020,7,12,87600
London,2020,7,13,88634
London,2020,7,14,90032
London,2020,7,15,89403
London,2020,7,16,88454
London,2020,7,17,89329
London,2020,7,18,86632
London,2020,7,19,90577
London,2020,7,20,88263
London,2020,7,21,87096
London,2020,7,22,87379
London,2020,7,23,88075
London,2020,7,24,89163
London,2020,7,25,90168
London,2020,7,26,88283
London,2020,7,27,90827
London,2020,7,28,88566
London,2020,7,29,87159
London,2020,7,30,86197
London,2020,7,31,86116
London,2020,8,1,89886
London,2020,8,2,88923
London,2020,8,3,89103
London,2020,8,4,88479
London,2020,8,5,86542
London,2020,8,6,89018
London,2020,8,7,87017
London,2020,8,8,89163
London,2020,8,9,89279
London,2020,8,10,87546
London,2020,8,11,88679
London,2020,8,12,87070
London,2020,8,13,90374
London,2020,8,14,91148
London,2020,8,15,91484
London,2020,8,16,90846
London,2020,8,17,89457
London,2020,8,18,88640
London,2020,8,19,89651
London,2020,8,20,88169
London,2020,8,21,88782
London,2020,8,22,88361
London,2020,8,23,87947
London,2020,8,24,89069
London,2020,8,25,89917
London,2020,8,26,87786
London,2020,8,27,89793
London,2020,8,28,90762
London,2020,8,29,90076
London,2020,8,30,87752
London,2020,8,31,86873
London,2021,6,1,86621
London,2021,6,2,87467
London,2021,6,3,88565
London,2021,6,4,90583
London,2021,6,5,88898
London,2021,6,6,89799
London,2021,6,7,88745
London,2021,6,8,86950
London,2021,6,9,86702
London,2021,6,10,89014
London,2021,6,11,89041
London,2021,6,12,87139
London,2021,6,13,87706
London,2021,6,14,87162
London,2021,6,15,90028
London,2021,6,16,88302
London,2021,6,17,92573
London,2021,6,18,92042
London,2021,6,19,90482
London,2021,6,20,91635
London,2021,6,21,91136
London,2021,6,22,90193
London,2021,6,23,87691
London,2021,6,24,89707
London,2021,6,25,91653
London,2021,6,26,89972
London,2021,6,27,90477
London,2021,6,28,91996
London,2021,6,29,90714
London,2021,6,30,90996
London,2021,7,1,90543
London,2021,7,2,89798
London,2021,7,3,91216
London,2021,7,4,90677
London,2021,7,5,90342
London,2021,7,6,90619
London,2021,7,7,90604
London,2021,7,8,90356
London,2021,7,9,90302
London,2021,7,10,90326
London,2021,7,11,90143
London,2021,7,12,92120
London,2021,7,13,89291
London,2021,7,14,88575
London,2021,7,15,88476
London,2021,7,16,86688
London,2021,7,17,86312
London,2021,7,18,86756
London,2021,7,19,89872
London,2021,7,20,89769
London,2021,7,21,88373
London,2021,7,22,88227
London,2021,7,23,86607
London,2021,7,24,91225
London,2021,7,25,91274
London,2021,7,26,90662
London,2021,7,27,90143
London,2021,7,28,90071
London,2021,7,29,88554
London,2021,7,30,91033
London,2021,7,31,90085
London,2021,8,1,90771
London,2021,8,2,90322
London,2021,8,3,90881
London,2021,8,4,88534
London,2021,8,5,89617
London,2021,8,6,89646
London,2021,8,7,90208
London,2021,8,8,89978
London,2021,8,9,90773
London,2021,8,10,88520
London,2021,8,11,86498
London,2021,8,12,89256
London,2021,8,13,88538
London,2021,8,14,88745
London,2021,8,15,89615
London,2021,8,16,88764
London,2021,8,17,89602
London,2021,8,18,89705
London,2021,8,19,90231
London,2021,8,20,89439
London,2021,8,21,90856
London,2021,8,22,91369
London,2021,8,23,88692
London,2021,8,24,88627
London,2021,8,25,88263
London,2021,8,26,88814
London,2021,8,27,88296
London,2021,8,28,88371
London,2021,8,29,88707
London,2021,8,30,89582
London,2021,8,31,89409
London,2022,6,1,89546
London,2022,6,2,89420
London,2022,6,3,88636
London,2022,6,4,90048
London,2022,6,5,91865
London,2022,6,6,91453
London,2022,6,7,89453
London,2022,6,8,90491
London,2022,6,9,89477
London,2022,6,10,89214
London,2022,6,11,88863
London,2022,6,12,88521
London,2022,6,13,87358
London,2022,6,14,87911
London,2022,6,15,87902
London,2022,6,16,87729
London,2022,6,17,87061
London,2022,6,18,90846
London,2022,6,19,90101
London,2022,6,20,87504
London,2022,6,21,87686
London,2022,6,22,87029
London,2022,6,23,90605
London,2022,6,24,90452
London,2022,6,25,89846
London,2022,6,26,86810
London,2022,6,27,89722
London,2022,6,28,88825
London,2022,6,29,90480
London,2022,6,30,90747
London,2022,7,1,54083
London,2022,7,2,54179
London,2022,7,3,54141
London,2022,7,4,54089
London,2022,7,5,54118
London,2022,7,6,54270
London,2022,7,7,53991
London,2022,7,8,53831
London,2022,7,9,53788
London,2022,7,10,53572
London,2022,7,11,53783
London,2022,7,12,54073
London,2022,7,13,54123
London,2022,7,14,54165
London,2022,7,15,53862
London,2022,7,16,53781
London,2022,7,17,53607
London,2022,7,18,53713
London,2022,7,19,53778
London,2022,7,20,53979
London,2022,7,21,53920
London,2022,7,22,53639
London,2022,7,23,53726
London,2022,7,24,53737
London,2022,7,25,53828
London,2022,7,26,53993
London,2022,7,27,53807
London,2022,7,28,54023
London,2022,7,29,53701
London,2022,7,30,53917
London,2022,7,31,53742
London,2022,8,1,90620
London,2022,8,2,88932
London,2022,8,3,89272
London,2022,8,4,89018
London,2022,8,5,86682
London,2022,8,6,86925
London,2022,8,7,87088
London,2022,8,8,87149
London,2022,8,9,87043
London,2022,8,10,86734
London,2022,8,11,86802
London,2022,8,12,86753
London,2022,8,13,86986
London,2022,8,14,87056
London,2022,8,15,89750
London,2022,8,16,91077
London,2022,8,17,91306
London,2022,8,18,89870
London,2022,8,19,88841
London,2022,8,20,88161
London,2022,8,21,86361
London,2022,8,22,88573
London,2022,8,23,89307
London,2022,8,24,89081
London,2022,8,25,90202
London,2022,8,26,89340
London,2022,8,27,89822
London,2022,8,28,88764
London,2022,8,29,89148
London,2022,8,30,89070
London,2022,8,31,87535
London,2023,6,1,87676
London,2023,6,2,88222
London,2023,6,3,86727
London,2023,6,4,86564
London,2023,6,5,86358
London,2023,6,6,86209
London,2023,6,7,87089
London,2023,6,8,86479
London,2023,6,9,86332
London,2023,6,10,88919
London,2023,6,11,88056
London,2023,6,12,89917
London,2023,6,13,86859
London,2023,6,14,86994
London,2023,6,15,87394
London,2023,6,16,87725
London,2023,6,17,90381
London,2023,6,18,91006
London,2023,6,19,88386
London,2023,6,20,91293
London,2023,6,21,88678
London,2023,6,22,89445
London,2023,6,23,88925
London,2023,6,24,89089
London,2023,6,25,86595
London,2023,6,26,88296
London,2023,6,27,89515
London,2023,6,28,90504
London,2023,6,29,91660
London,2023,6,30,90230
London,2023,7,1,89139
London,2023,7,2,86479
London,2023,7,3,88764
London,2023,7,4,91280
London,2023,7,5,89780
London,2023,7,6,87004
London,2023,7,7,87038
London,2023,7,8,90049
London,2023,7,9,89240
London,2023,7,10,89201
London,2023,7,11,89812
London,2023,7,12,89125
London,2023,7,13,89528
London,2023,7,14,90698
London,2023,7,15,89840
London,2023,7,16,89174
London,2023,7,17,88582
London,2023,7,18,88371
London,2023,7,19,89804
London,2023,7,20,88727
London,2023,7,21,88903
London,2023,7,22,90369
London,2023,7,23,90048
London,2023,7,24,90864
London,2023,7,25,89413
London,2023,7,26,88195
London,2023,7,27,90764
London,2023,7,28,88547
London,2023,7,29,89178
London,2023,7,30,89233
London,2023,7,31,89461
London,2023,8,1,88972
London,2023,8,2,91638
London,2023,8,3,89655
London,2023,8,4,89921
London,2023,8,5,91560
London,2023,8,6,89017
London,2023,8,7,87947
London,2023,8,8,90148
London,2023,8,9,88821
London,2023,8,10,86605
London,2023,8,11,88654
London,2023,8,12,88756
London,2023,8,13,88667
London,2023,8,14,90238
London,2023,8,15,88329
London,2023,8,16,88294
London,2023,8,17,86492
London,2023,8,18,90130
London,2023,8,19,89023
London,2023,8,20,88247
London,2023,8,21,86333
London,2023,8,22,88061
London,2023,8,23,86538
London,2023,8,24,90207
London,2023,8,25,88519
London,2023,8,26,89438
London,2023,8,27,87561
London,2023,8,28,87997
London,2023,8,29,89785
London,2023,8,30,89194
London,2023,8,31,89173
London,2024,6,1,88219
London,2024,6,2,86910
London,2024,6,3,89111
London,2024,6,4,90627
London,2024,6,5,88618
London,2024,6,6,88938
London,2024,6,7,88723
London,2024,6,8,88590
London,2024,6,9,86950
London,2024,6,10,91322
London,2024,6,11,89880
London,2024,6,12,90256
London,2024,6,13,89351
London,2024,6,14,90724
London,2024,6,15,90313
London,2024,6,16,89897
London,2024,6,17,87042
London,2024,6,18,89508
London,2024,6,19,86903
London,2024,6,20,87361
London,2024,6,21,87239
London,2024,6,22,90514
London,2024,6,23,87158
London,2024,6,24,87359
London,2024,6,25,87756
London,2024,6,26,87152
London,2024,6,27,87306
London,2024,6,28,88619
London,2024,6,29,87787
London,2024,6,30,89237
London,2024,7,1,89245
London,2024,7,2,89745
London,2024,7,3,90697
London,2024,7,4,88666
London,2024,7,5,91766
London,2024,7,6,91470
London,2024,7,7,89708
London,2024,7,8,89706
London,2024,7,9,91025
London,2024,7,10,89650
London,2024,7,11,89164
London,2024,7,12,90361
London,2024,7,13,90855
London,2024,7,14,88535
London,2024,7,15,90214
London,2024,7,16,89907
London,2024,7,17,89142
London,2024,7,18,86969
London,2024,7,19,86921
London,2024,7,20,89180
London,2024,7,21,89714
London,2024,7,22,89755
London,2024,7,23,90517
London,2024,7,24,89156
London,2024,7,25,90041
London,2024,7,26,89150
London,2024,7,27,88353
London,2024,7,28,87016
London,2024,7,29,86732
London,2024,7,30,86831
London,2024,7,31,86843
London,2024,8,1,90775
London,2024,8,2,90088
London,2024,8,3,89394
London,2024,8,4,87099
London,2024,8,5,86620
London,2024,8,6,90010
London,2024,8,7,88282
London,2024,8,8,88280
London,2024,8,9,88229
London,2024,8,10,86904
London,2024,8,11,87074
London,2024,8,12,86786
London,2024,8,13,86674
London,2024,8,14,90993
London,2024,8,15,88995
London,2024,8,16,88970
London,2024,8,17,86478
London,2024,8,18,86533
London,2024,8,19,86641
London,2024,8,20,88972
London,2024,8,21,86137
London,2024,8,22,89135
London,2024,8,23,88246
London,2024,8,24,90335
London,2024,8,25,87615
London,2024,8,26,87027
London,2024,8,27,86042
London,2024,8,28,86376
London,2024,8,29,86045
London,2024,8,30,86450
London,2024,8,31,89117
Marrakech,2019,6,1,77831
Marrakech,2019,6,2,77800
Marrakech,2019,6,3,77947
Marrakech,2019,6,4,77681
Marrakech,2019,6,5,77633
Marrakech,2019,6,6,77167
Marrakech,2019,6,7,77226
Marrakech,2019,6,8,77226
Marrakech,2019,6,9,77535
Marrakech,2019,6,10,77273
Marrakech,2019,6,11,77086
Marrakech,2019,6,12,77188
Marrakech,2019,6,13,78225
Marrakech,2019,6,14,77844
Marrakech,2019,6,15,77226
Marrakech,2019,6,16,77149
Marrakech,2019,6,17,77193
Marrakech,2019,6,18,77193
Marrakech,2019,6,19,77053
Marrakech,2019,6,20,77762
Marrakech,2019,6,21,77420
Marrakech,2019,6,22,76981
Marrakech,2019,6,23,76978
Marrakech,2019,6,24,77151
Marrakech,2019,6,25,77189
Marrakech,2019,6,26,77395
Marrakech,2019,6,27,77897
Marrakech,2019,6,28,77661
Marrakech,2019,6,29,77620
Marrakech,2019,6,30,77371
Marrakech,2019,7,1,77332
Marrakech,2019,7,2,77187
Marrakech,2019,7,3,77010
Marrakech,2019,7,4,77056
Marrakech,2019,7,5,77662
Marrakech,2019,7,6,78119
Marrakech,2019,7,7,78412
Marrakech,2019,7,8,77332
Marrakech,2019,7,9,77264
Marrakech,2019,7,10,77725
Marrakech,2019,7,11,77457
Marrakech,2019,7,12,77528
Marrakech,2019,7,13,77311
Marrakech,2019,7,14,77297
Marrakech,2019,7,15,77571
Marrakech,2019,7,16,77468
Marrakech,2019,7,17,77297
Marrakech,2019,7,18,77219
Marrakech,2019,7,19,77553
Marrakech,2019,7,20,77227
Marrakech,2019,7,21,77352
Marrakech,2019,7,22,77402
Marrakech,2019,7,23,77594
Marrakech,2019,7,24,78080
Marrakech,2019,7,25,78067
Marrakech,2019,7,26,77406
Marrakech,2019,7,27,77494
Marrakech,2019,7,28,77155
Marrakech,2019,7,29,77419
Marrakech,2019,7,30,77607
Marrakech,2019,7,31,77190
Marrakech,2019,8,1,77428
Marrakech,2019,8,2,77752
Marrakech,2019,8,3,77137
Marrakech,2019,8,4,77087
Marrakech,2019,8,5,77718
Marrakech,2019,8,6,77712
Marrakech,2019,8,7,78202
Marrakech,2019,8,8,77968
Marrakech,2019,8,9,78223
Marrakech,2019,8,10,77996
Marrakech,2019,8,11,78105
Marrakech,2019,8,12,77620
Marrakech,2019,8,13,77690
Marrakech,2019,8,14,77372
Marrakech,2019,8,15,77258
Marrakech,2019,8,16,77174
Marrakech,2019,8,17,77247
Marrakech,2019,8,18,77076
Marrakech,2019,8,19,77137
Marrakech,2019,8,20,77559
Marrakech,2019,8,21,77645
Marrakech,2019,8,22,77423
Marrakech,2019,8,23,78065
Marrakech,2019,8,24,77880
Marrakech,2019,8,25,78005
Marrakech,2019,8,26,78041
Marrakech,2019,8,27,77834
Marrakech,2019,8,28,78276
Marrakech,2019,8,29,78393
Marrakech,2019,8,30,78553
Marrakech,2019,8,31,77013
Marrakech,2020,6,1,77429
Marrakech,2020,6,2,77357
Marrakech,2020,6,3,77231
Marrakech,2020,6,4,77177
Marrakech,2020,6,5,77161
Marrakech,2020,6,6,77735
Marrakech,2020,6,7,78460
Marrakech,2020,6,8,77964
Marrakech,2020,6,9,77783
Marrakech,2020,6,10,77238
Marrakech,2020,6,11,77140
Marrakech,2020,6,12,77251
Marrakech,2020,6,13,77466
Marrakech,2020,6,14,77508
Marrakech,2020,6,15,77125
Marrakech,2020,6,16,77099
Marrakech,2020,6,17,77532
Marrakech,2020,6,18,78102
Marrakech,2020,6,19,77548
Marrakech,2020,6,20,77169
Marrakech,2020,6,21,76954
Marrakech,2020,6,22,77105
Marrakech,2020,6,23,77306
Marrakech,2020,6,24,77174
Marrakech,2020,6,25,77275
Marrakech,2020,6,26,77479
Marrakech,2020,6,27,77311
Marrakech,2020,6,28,77619
Marrakech,2020,6,29,77504
Marrakech,2020,6,30,77566
Marrakech,2020,7,1,77897
Marrakech,2020,7,2,77990
Marrakech,2020,7,3,77590
Marrakech,2020,7,4,77581
Marrakech,2020,7,5,77947
Marrakech,2020,7,6,77966
Marrakech,2020,7,7,77718
Marrakech,2020,7,8,77361
Marrakech,2020,7,9,77315
Marrakech,2020,7,10,77266
Marrakech,2020,7,11,77621
Marrakech,2020,7,12,78122
Marrakech,2020,7,13,77183
Marrakech,2020,7,14,77551
Marrakech,2020,7,15,77905
Marrakech,2020,7,16,77959
Marrakech,2020,7,17,77398
Marrakech,2020,7,18,77184
Marrakech,2020,7,19,77139
Marrakech,2020,7,20,77929
Marrakech,2020,7,21,77757
Marrakech,2020,7,22,77605
Marrakech,2020,7,23,77277
Marrakech,2020,7,24,77087
Marrakech,2020,7,25,77257
Marrakech,2020,7,26,77535
Marrakech,2020,7,27,77850
Marrakech,2020,7,28,77990
Marrakech,2020,7,29,77984
Marrakech,2020,7,30,78063
Marrakech,2020,7,31,78061
Marrakech,2020,8,1,78171
Marrakech,2020,8,2,78066
Marrakech,2020,8,3,77231
Marrakech,2020,8,4,77088
Marrakech,2020,8,5,77499
Marrakech,2020,8,6,77889
Marrakech,2020,8,7,78137
Marrakech,2020,8,8,78030
Marrakech,2020,8,9,78109
Marrakech,2020,8,10,78183
Marrakech,2020,8,11,77396
Marrakech,2020,8,12,77489
Marrakech,2020,8,13,77860
Marrakech,2020,8,14,77186
Marrakech,2020,8,15,77349
Marrakech,2020,8,16,77162
Marrakech,2020,8,17,77016
Marrakech,2020,8,18,77426
Marrakech,2020,8,19,77196
Marrakech,2020,8,20,77566
Marrakech,2020,8,21,77500
Marrakech,2020,8,22,77739
Marrakech,2020,8,23,77732
Marrakech,2020,8,24,77947
Marrakech,2020,8,25,78174
Marrakech,2020,8,26,77628
Marrakech,2020,8,27,77504
Marrakech,2020,8,28,77206
Marrakech,2020,8,29,77545
Marrakech,2020,8,30,77152
Marrakech,2020,8,31,77724
Marrakech,2021,6,1,77694
Marrakech,2021,6,2,77648
Marrakech,2021,6,3,77492
Marrakech,2021,6,4,77886
Marrakech,2021,6,5,77462
Marrakech,2021,6,6,77446
Marrakech,2021,6,7,77706
Marrakech,2021,6,8,77546
Marrakech,2021,6,9,77529
Marrakech,2021,6,10,77819
Marrakech,2021,6,11,77655
Marrakech,2021,6,12,77205
Marrakech,2021,6,13,77338
Marrakech,2021,6,14,77171
Marrakech,2021,6,15,77183
Marrakech,2021,6,16,77696
Marrakech,2021,6,17,77846
Marrakech,2021,6,18,78296
Marrakech,2021,6,19,78224
Marrakech,2021,6,20,77548
Marrakech,2021,6,21,77083
Marrakech,2021,6,22,77703
Marrakech,2021,6,23,77400
Marrakech,2021,6,24,77467
Marrakech,2021,6,25,77166
Marrakech,2021,6,26,77096
Marrakech,2021,6,27,77141
Marrakech,2021,6,28,77211
Marrakech,2021,6,29,77168
Marrakech,2021,6,30,77815
Marrakech,2021,7,1,77494
Marrakech,2021,7,2,77393
Marrakech,2021,7,3,77336
Marrakech,2021,7,4,77655
Marrakech,2021,7,5,77480
Marrakech,2021,7,6,77310
Marrakech,2021,7,7,77279
Marrakech,2021,7,8,77217
Marrakech,2021,7,9,77807
Marrakech,2021,7,10,78154
Marrakech,2021,7,11,77830
Marrakech,2021,7,12,78051
Marrakech,2021,7,13,77269
Marrakech,2021,7,14,77315
Marrakech,2021,7,15,77429
Marrakech,2021,7,16,77518
Marrakech,2021,7,17,77185
Marrakech,2021,7,18,77035
Marrakech,2021,7,19,77128
Marrakech,2021,7,20,77138
Marrakech,2021,7,21,77318
Marrakech,2021,7,22,77578
Marrakech,2021,7,23,77903
Marrakech,2021,7,24,78162
Marrakech,2021,7,25,77332
Marrakech,2021,7,26,77307
Marrakech,2021,7,27,77353
Marrakech,2021,7,28,77585
Marrakech,2021,7,29,78307
Marrakech,2021,7,30,77981
Marrakech,2021,7,31,77766
Marrakech,2021,8,1,77221
Marrakech,2021,8,2,77297
Marrakech,2021,8,3,77341
Marrakech,2021,8,4,77307
Marrakech,2021,8,5,77187
Marrakech,2021,8,6,77278
Marrakech,2021,8,7,77416
Marrakech,2021,8,8,77771
Marrakech,2021,8,9,77238
Marrakech,2021,8,10,77395
Marrakech,2021,8,11,77535
Marrakech,2021,8,12,77510
Marrakech,2021,8,13,77674
Marrakech,2021,8,14,77885
Marrakech,2021,8,15,77581
Marrakech,2021,8,16,77505
Marrakech,2021,8,17,77215
Marrakech,2021,8,18,77295
Marrakech,2021,8,19,77268
Marrakech,2021,8,20,77744
Marrakech,2021,8,21,77376
Marrakech,2021,8,22,77396
Marrakech,2021,8,23,77373
Marrakech,2021,8,24,77874
Marrakech,2021,8,25,77593
Marrakech,2021,8,26,77861
Marrakech,2021,8,27,77989
Marrakech,2021,8,28,77062
Marrakech,2021,8,29,77522
Marrakech,2021,8,30,77417
Marrakech,2021,8,31,77826
Marrakech,2022,6,1,77119
Marrakech,2022,6,2,78054
Marrakech,2022,6,3,77810
Marrakech,2022,6,4,77839
Marrakech,2022,6,5,77164
Marrakech,2022,6,6,77605
Marrakech,2022,6,7,77453
Marrakech,2022,6,8,77456
Marrakech,2022,6,9,77708
Marrakech,2022,6,10,77911
Marrakech,2022,6,11,78243
Marrakech,2022,6,12,78200
Marrakech,2022,6,13,78276
Marrakech,2022,6,14,78763
Marrakech,2022,6,15,78184
Marrakech,2022,6,16,77545
Marrakech,2022,6,17,77508
Marrakech,2022,6,18,78156
Marrakech,2022,6,19,77949
Marrakech,2022,6,20,78070
Marrakech,2022,6,21,77709
Marrakech,2022,6,22,77107
Marrakech,2022,6,23,77080
Marrakech,2022,6,24,77315
Marrakech,2022,6,25,77850
Marrakech,2022,6,26,77506
Marrakech,2022,6,27,77389
Marrakech,2022,6,28,77508
Marrakech,2022,6,29,77637
Marrakech,2022,6,30,77544
Marrakech,2022,7,1,77665
Marrakech,2022,7,2,77450
Marrakech,2022,7,3,77525
Marrakech,2022,7,4,77841
Marrakech,2022,7,5,78326
Marrakech,2022,7,6,78098
Marrakech,2022,7,7,78141
Marrakech,2022,7,8,77874
Marrakech,2022,7,9,77693
Marrakech,2022,7,10,77418
Marrakech,2022,7,11,77580
Marrakech,2022,7,12,77823
Marrakech,2022,7,13,77933
Marrakech,2022,7,14,77685
Marrakech,2022,7,15,77966
Marrakech,2022,7,16,77626
Marrakech,2022,7,17,77796
Marrakech,2022,7,18,77588
Marrakech,2022,7,19,78131
Marrakech,2022,7,20,78136
Marrakech,2022,7,21,78235
Marrakech,2022,7,22,78261
Marrakech,2022,7,23,77524
Marrakech,2022,7,24,78110
Marrakech,2022,7,25,78026
Marrakech,2022,7,26,77180
Marrakech,2022,7,27,77170
Marrakech,2022,7,28,77330
Marrakech,2022,7,29,77854
Marrakech,2022,7,30,77912
Marrakech,2022,7,31,77473
Marrakech,2022,8,1,77665
Marrakech,2022,8,2,78067
Marrakech,2022,8,3,77338
Marrakech,2022,8,4,77265
Marrakech,2022,8,5,77242
Marrakech,2022,8,6,77469
Marrakech,2022,8,7,77273
Marrakech,2022,8,8,76929
Marrakech,2022,8,9,77490
Marrakech,2022,8,10,77322
Marrakech,2022,8,11,77873
Marrakech,2022,8,12,77736
Marrakech,2022,8,13,77492
Marrakech,2022,8,14,77611
Marrakech,2022,8,15,77353
Marrakech,2022,8,16,77153
Marrakech,2022,8,17,77208
Marrakech,2022,8,18,77125
Marrakech,2022,8,19,77435
Marrakech,2022,8,20,77882
Marrakech,2022,8,21,78037
Marrakech,2022,8,22,77498
Marrakech,2022,8,23,77669
Marrakech,2022,8,24,78249
Marrakech,2022,8,25,77905
Marrakech,2022,8,26,77500
Marrakech,2022,8,27,77563
Marrakech,2022,8,28,77517
Marrakech,2022,8,29,78179
Marrakech,2022,8,30,78155
Marrakech,2022,8,31,77639
Marrakech,2023,6,1,77934
Marrakech,2023,6,2,78606
Marrakech,2023,6,3,78083
Marrakech,2023,6,4,78347
Marrakech,2023,6,5,77796
Marrakech,2023,6,6,77569
Marrakech,2023,6,7,77436
Marrakech,2023,6,8,78446
Marrakech,2023,6,9,77779
Marrakech,2023,6,10,78395
Marrakech,2023,6,11,77497
Marrakech,2023,6,12,77881
Marrakech,2023,6,13,77681
Marrakech,2023,6,14,77245
Marrakech,2023,6,15,77519
Marrakech,2023,6,16,77572
Marrakech,2023,6,17,77448
Marrakech,2023,6,18,77924
Marrakech,2023,6,19,78067
Marrakech,2023,6,20,78361
Marrakech,2023,6,21,77962
Marrakech,2023,6,22,77460
Marrakech,2023,6,23,77405
Marrakech,2023,6,24,77612
Marrakech,2023,6,25,77692
Marrakech,2023,6,26,77877
Marrakech,2023,6,27,78063
Marrakech,2023,6,28,77391
Marrakech,2023,6,29,77278
Marrakech,2023,6,30,77845
Marrakech,2023,7,1,77287
Marrakech,2023,7,2,77083
Marrakech,2023,7,3,77048
Marrakech,2023,7,4,77199
Marrakech,2023,7,5,77119
Marrakech,2023,7,6,77111
Marrakech,2023,7,7,77183
Marrakech,2023,7,8,77208
Marrakech,2023,7,9,77820
Marrakech,2023,7,10,77542
Marrakech,2023,7,11,77751
Marrakech,2023,7,12,78065
Marrakech,2023,7,13,77844
Marrakech,2023,7,14,77286
Marrakech,2023,7,15,77445
Marrakech,2023,7,16,77452
Marrakech,2023,7,17,77952
Marrakech,2023,7,18,78537
Marrakech,2023,7,19,77936
Marrakech,2023,7,20,77236
Marrakech,2023,7,21,78033
Marrakech,2023,7,22,78207
Marrakech,2023,7,23,77794
Marrakech,2023,7,24,77544
Marrakech,2023,7,25,77310
Marrakech,2023,7,26,77218
Marrakech,2023,7,27,77281
Marrakech,2023,7,28,77037
Marrakech,2023,7,29,77649
Marrakech,2023,7,30,77401
Marrakech,2023,7,31,77143
Marrakech,2023,8,1,77226
Marrakech,2023,8,2,77493
Marrakech,2023,8,3,77388
Marrakech,2023,8,4,77188
Marrakech,2023,8,5,77358
Marrakech,2023,8,6,77379
Marrakech,2023,8,7,77940
Marrakech,2023,8,8,77750
Marrakech,2023,8,9,78196
Marrakech,2023,8,10,77940
Marrakech,2023,8,11,77906
Marrakech,2023,8,12,77930
Marrakech,2023,8,13,78228
Marrakech,2023,8,14,77899
Marrakech,2023,8,15,77479
Marrakech,2023,8,16,77276
Marrakech,2023,8,17,77584
Marrakech,2023,8,18,77421
Marrakech,2023,8,19,77516
Marrakech,2023,8,20,78147
Marrakech,2023,8,21,77420
Marrakech,2023,8,22,77805
Marrakech,2023,8,23,78158
Marrakech,2023,8,24,77980
Marrakech,2023,8,25,77533
Marrakech,2023,8,26,77480
Marrakech,2023,8,27,77065
Marrakech,2023,8,28,77027
Marrakech,2023,8,29,76838
Marrakech,2023,8,30,77430
Marrakech,2023,8,31,77049
Marrakech,2024,6,1,77703
Marrakech,2024,6,2,77392
Marrakech,2024,6,3,77853
Marrakech,2024,6,4,77717
Marrakech,2024,6,5,77660
Marrakech,2024,6,6,77615
Marrakech,2024,6,7,78288
Marrakech,2024,6,8,77978
Marrakech,2024,6,9,77467
Marrakech,2024,6,10,78131
Marrakech,2024,6,11,78081
Marrakech,2024,6,12,77954
Marrakech,2024,6,13,77543
Marrakech,2024,6,14,78059
Marrakech,2024,6,15,77826
Marrakech,2024,6,16,77262
Marrakech,2024,6,17,77244
Marrakech,2024,6,18,77555
Marrakech,2024,6,19,78015
Marrakech,2024,6,20,77530
Marrakech,2024,6,21,77220
Marrakech,2024,6,22,77440
Marrakech,2024,6,23,77282
Marrakech,2024,6,24,77383
Marrakech,2024,6,25,77544
Marrakech,2024,6,26,77904
Marrakech,2024,6,27,77946
Marrakech,2024,6,28,77957
Marrakech,2024,6,29,77240
Marrakech,2024,6,30,77477
Marrakech,2024,7,1,77183
Marrakech,2024,7,2,77202
Marrakech,2024,7,3,77093
Marrakech,2024,7,4,77176
Marrakech,2024,7,5,77468
Marrakech,2024,7,6,77035
Marrakech,2024,7,7,77134
Marrakech,2024,7,8,77195
Marrakech,2024,7,9,77285
Marrakech,2024,7,10,77257
Marrakech,2024,7,11,77362
Marrakech,2024,7,12,77286
Marrakech,2024,7,13,77368
Marrakech,2024,7,14,77176
Marrakech,2024,7,15,77092
Marrakech,2024,7,16,77203
Marrakech,2024,7,17,77643
Marrakech,2024,7,18,78282
Marrakech,2024,7,19,78005
Marrakech,2024,7,20,77798
Marrakech,2024,7,21,77370
Marrakech,2024,7,22,77807
Marrakech,2024,7,23,78050
Marrakech,2024,7,24,77926
Marrakech,2024,7,25,77608
Marrakech,2024,7,26,77357
Marrakech,2024,7,27,77252
Marrakech,2024,7,28,77717
Marrakech,2024,7,29,77805
Marrakech,2024,7,30,77354
Marrakech,2024,7,31,77451
Marrakech,2024,8,1,77682
Marrakech,2024,8,2,77590
Marrakech,2024,8,3,77378
Marrakech,2024,8,4,77197
Marrakech,2024,8,5,77154
Marrakech,2024,8,6,77103
Marrakech,2024,8,7,77036
Marrakech,2024,8,8,77104
Marrakech,2024,8,9,77305
Marrakech,2024,8,10,77450
Marrakech,2024,8,11,77964
Marrakech,2024,8,12,78243
Marrakech,2024,8,13,77300
Marrakech,2024,8,14,77081
Marrakech,2024,8,15,77109
Marrakech,2024,8,16,76956
Marrakech,2024,8,17,77314
Marrakech,2024,8,18,77549
Marrakech,2024,8,19,77198
Marrakech,2024,8,20,77580
Marrakech,2024,8,21,77570
Marrakech,2024,8,22,77183
Marrakech,2024,8,23,77461
Marrakech,2024,8,24,77491
Marrakech,2024,8,25,77391
Marrakech,2024,8,26,77119
Marrakech,2024,8,27,76918
Marrakech,2024,8,28,77291
Marrakech,2024,8,29,77318
Marrakech,2024,8,30,77602
Marrakech,2024,8,31,77799
New_York,2019,6,1,85113
New_York,2019,6,2,84703
New_York,2019,6,3,84771
New_York,2019,6,4,84535
New_York,2019,6,5,86245
New_York,2019,6,6,87420
New_York,2019,6,7,86221
New_York,2019,6,8,84697
New_York,2019,6,9,84321
New_York,2019,6,10,86260
New_York,2019,6,11,86611
New_York,2019,6,12,84464
New_York,2019,6,13,86625
New_York,2019,6,14,86823
New_York,2019,6,15,84439
New_York,2019,6,16,87075
New_York,2019,6,17,87639
New_York,2019,6,18,87734
New_York,2019,6,19,88038
New_York,2019,6,20,88270
New_York,2019,6,21,87534
New_York,2019,6,22,84207
New_York,2019,6,23,84467
New_York,2019,6,24,84333
New_York,2019,6,25,87420
New_York,2019,6,26,84630
New_York,2019,6,27,84362
New_York,2019,6,28,84877
New_York,2019,6,29,86341
New_York,2019,6,30,84190
New_York,2019,7,1,84448
New_York,2019,7,2,84463
New_York,2019,7,3,86131
New_York,2019,7,4,84737
New_York,2019,7,5,86094
New_York,2019,7,6,87212
New_York,2019,7,7,88150
New_York,2019,7,8,86771
New_York,2019,7,9,84347
New_York,2019,7,10,84720
New_York,2019,7,11,86502
New_York,2019,7,12,87433
New_York,2019,7,13,84745
New_York,2019,7,14,84739
New_York,2019,7,15,84702
New_York,2019,7,16,84954
New_York,2019,7,17,86507
New_York,2019,7,18,88150
New_York,2019,7,19,86748
New_York,2019,7,20,85697
New_York,2019,7,21,86043
New_York,2019,7,22,87430
New_York,2019,7,23,88430
New_York,2019,7,24,87392
New_York,2019,7,25,84683
New_York,2019,7,26,84961
New_York,2019,7,27,86825
New_York,2019,7,28,84542
New_York,2019,7,29,84578
New_York,2019,7,30,84415
New_York,2019,7,31,86290
New_York,2019,8,1,86073
New_York,2019,8,2,86469
New_York,2019,8,3,86328
New_York,2019,8,4,86288
New_York,2019,8,5,84952
New_York,2019,8,6,86135
New_York,2019,8,7,87101
New_York,2019,8,8,86637
New_York,2019,8,9,84314
New_York,2019,8,10,83945
New_York,2019,8,11,84130
New_York,2019,8,12,84384
New_York,2019,8,13,86788
New_York,2019,8,14,86630
New_York,2019,8,15,86435
New_York,2019,8,16,86354
New_York,2019,8,17,86636
New_York,2019,8,18,86065
New_York,2019,8,19,85518
New_York,2019,8,20,84175
New_York,2019,8,21,86229
New_York,2019,8,22,83994
New_York,2019,8,23,87222
New_York,2019,8,24,84348
New_York,2019,8,25,86797
New_York,2019,8,26,84392
New_York,2019,8,27,85580
New_York,2019,8,28,87030
New_York,2019,8,29,84226
New_York,2019,8,30,84145
New_York,2019,8,31,84353
New_York,2020,6,1,84701
New_York,2020,6,2,85194
New_York,2020,6,3,86916
New_York,2020,6,4,84660
New_York,2020,6,5,87877
New_York,2020,6,6,87841
New_York,2020,6,7,84478
New_York,2020,6,8,84532
New_York,2020,6,9,84636
New_York,2020,6,10,85028
New_York,2020,6,11,87631
New_York,2020,6,12,84671
New_York,2020,6,13,84415
New_York,2020,6,14,84502
New_York,2020,6,15,84728
New_York,2020,6,16,84464
New_York,2020,6,17,85970
New_York,2020,6,18,86868
New_York,2020,6,19,87050
New_York,2020,6,20,86290
New_York,2020,6,21,84302
New_York,2020,6,22,84357
New_York,2020,6,23,84385
New_York,2020,6,24,85961
New_York,2020,6,25,84644
New_York,2020,6,26,84394
New_York,2020,6,27,84849
New_York,2020,6,28,86838
New_York,2020,6,29,86642
New_York,2020,6,30,87011
New_York,2020,7,1,87239
New_York,2020,7,2,86338
New_York,2020,7,3,86601
New_York,2020,7,4,87853
New_York,2020,7,5,84614
New_York,2020,7,6,86387
New_York,2020,7,7,87788
New_York,2020,7,8,87260
New_York,2020,7,9,86547
New_York,2020,7,10,87501
New_York,2020,7,11,87653
New_York,2020,7,12,84372
New_York,2020,7,13,86517
New_York,2020,7,14,84369
New_York,2020,7,15,86819
New_York,2020,7,16,85876
New_York,2020,7,17,87127
New_York,2020,7,18,84864
New_York,2020,7,19,84615
New_York,2020,7,20,84862
New_York,2020,7,21,84654
New_York,2020,7,22,86725
New_York,2020,7,23,86545
New_York,2020,7,24,87710
New_York,2020,7,25,86011
New_York,2020,7,26,84841
New_York,2020,7,27,84350
New_York,2020,7,28,86410
New_York,2020,7,29,85362
New_York,2020,7,30,84765
New_York,2020,7,31,87191
New_York,2020,8,1,84355
New_York,2020,8,2,86824
New_York,2020,8,3,84479
New_York,2020,8,4,87968
New_York,2020,8,5,84594
New_York,2020,8,6,84937
New_York,2020,8,7,86912
New_York,2020,8,8,87439
New_York,2020,8,9,85674
New_York,2020,8,10,84490
New_York,2020,8,11,85710
New_York,2020,8,12,86469
New_York,2020,8,13,87006
New_York,2020,8,14,86450
New_York,2020,8,15,84647
New_York,2020,8,16,87394
New_York,2020,8,17,86087
New_York,2020,8,18,86613
New_York,2020,8,19,86738
New_York,2020,8,20,84510
New_York,2020,8,21,84363
New_York,2020,8,22,84121
New_York,2020,8,23,84025
New_York,2020,8,24,84111
New_York,2020,8,25,84317
New_York,2020,8,26,84120
New_York,2020,8,27,84845
New_York,2020,8,28,86224
New_York,2020,8,29,86745
New_York,2020,8,30,84141
New_York,2020,8,31,84385
New_York,2021,6,1,84874
New_York,2021,6,2,85078
New_York,2021,6,3,86776
New_York,2021,6,4,87371
New_York,2021,6,5,84322
New_York,2021,6,6,84513
New_York,2021,6,7,84657
New_York,2021,6,8,85940
New_York,2021,6,9,86320
New_York,2021,6,10,84621
New_York,2021,6,11,86287
New_York,2021,6,12,86818
New_York,2021,6,13,84744
New_York,2021,6,14,87444
New_York,2021,6,15,87676
New_York,2021,6,16,84472
New_York,2021,6,17,84329
New_York,2021,6,18,84848
New_York,2021,6,19,86330
New_York,2021,6,20,86430
New_York,2021,6,21,84728
New_York,2021,6,22,86829
New_York,2021,6,23,84705
New_York,2021,6,24,84688
New_York,2021,6,25,84639
New_York,2021,6,26,86209
New_York,2021,6,27,86277
New_York,2021,6,28,84491
New_York,2021,6,29,85890
New_York,2021,6,30,84613
New_York,2021,7,1,50693
New_York,2021,7,2,50516
New_York,2021,7,3,50517
New_York,2021,7,4,50759
New_York,2021,7,5,50739
New_York,2021,7,6,50483
New_York,2021,7,7,50529
New_York,2021,7,8,50619
New_York,2021,7,9,50566
New_York,2021,7,10,50436
New_York,2021,7,11,50480
New_York,2021,7,12,50573
New_York,2021,7,13,50652
New_York,2021,7,14,50657
New_York,2021,7,15,86052
New_York,2021,7,16,50606
New_York,2021,7,17,50550
New_York,2021,7,18,50644
New_York,2021,7,19,50601
New_York,2021,7,20,50447
New_York,2021,7,21,50580
New_York,2021,7,22,50536
New_York,2021,7,23,50492
New_York,2021,7,24,50697
New_York,2021,7,25,50564
New_York,2021,7,26,50550
New_York,2021,7,27,50660
New_York,2021,7,28,50527
New_York,2021,7,29,50567
New_York,2021,7,30,50529
New_York,2021,7,31,50538
New_York,2021,8,1,84874
New_York,2021,8,2,86149
New_York,2021,8,3,84883
New_York,2021,8,4,84367
New_York,2021,8,5,86528
New_York,2021,8,6,84592
New_York,2021,8,7,84618
New_York,2021,8,8,87103
New_York,2021,8,9,86749
New_York,2021,8,10,86872
New_York,2021,8,11,86888
New_York,2021,8,12,85513
New_York,2021,8,13,84304
New_York,2021,8,14,86331
New_York,2021,8,15,84230
New_York,2021,8,16,84502
New_York,2021,8,17,87222
New_York,2021,8,18,86194
New_York,2021,8,19,87475
New_York,2021,8,20,86619
New_York,2021,8,21,86757
New_York,2021,8,22,87948
New_York,2021,8,23,87972
New_York,2021,8,24,85927
New_York,2021,8,25,84334
New_York,2021,8,26,85670
New_York,2021,8,27,85862
New_York,2021,8,28,87696
New_York,2021,8,29,86912
New_York,2021,8,30,86919
New_York,2021,8,31,84494
New_York,2022,6,1,85032
New_York,2022,6,2,87310
New_York,2022,6,3,88107
New_York,2022,6,4,84902
New_York,2022,6,5,84684
New_York,2022,6,6,84525
New_York,2022,6,7,84524
New_York,2022,6,8,86997
New_York,2022,6,9,87428
New_York,2022,6,10,84173
New_York,2022,6,11,85985
New_York,2022,6,12,86974
New_York,2022,6,13,87184
New_York,2022,6,14,84983
New_York,2022,6,15,84967
New_York,2022,6,16,86129
New_York,2022,6,17,86847
New_York,2022,6,18,84608
New_York,2022,6,19,84432
New_York,2022,6,20,84834
New_York,2022,6,21,85104
New_York,2022,6,22,87603
New_York,2022,6,23,87703
New_York,2022,6,24,86860
New_York,2022,6,25,85009
New_York,2022,6,26,84612
New_York,2022,6,27,87564
New_York,2022,6,28,85180
New_York,2022,6,29,85325
New_York,2022,6,30,85168
New_York,2022,7,1,84980
New_York,2022,7,2,86728
New_York,2022,7,3,84949
New_York,2022,7,4,84596
New_York,2022,7,5,86424
New_York,2022,7,6,86682
New_York,2022,7,7,86868
New_York,2022,7,8,86557
New_York,2022,7,9,86622
New_York,2022,7,10,84936
New_York,2022,7,11,84898
New_York,2022,7,12,84756
New_York,2022,7,13,84921
New_York,2022,7,14,84872
New_York,2022,7,15,84986
New_York,2022,7,16,87142
New_York,2022,7,17,87854
New_York,2022,7,18,86673
New_York,2022,7,19,85833
New_York,2022,7,20,84370
New_York,2022,7,21,86011
New_York,2022,7,22,85209
New_York,2022,7,23,84800
New_York,2022,7,24,84715
New_York,2022,7,25,86089
New_York,2022,7,26,84859
New_York,2022,7,27,84734
New_York,2022,7,28,86495
New_York,2022,7,29,86304
New_York,2022,7,30,86226
New_York,2022,7,31,84726
New_York,2022,8,1,87918
New_York,2022,8,2,85970
New_York,2022,8,3,84426
New_York,2022,8,4,84444
New_York,2022,8,5,86127
New_York,2022,8,6,86409
New_York,2022,8,7,86441
New_York,2022,8,8,84136
New_York,2022,8,9,86151
New_York,2022,8,10,86837
New_York,2022,8,11,86414
New_York,2022,8,12,84363
New_York,2022,8,13,84453
New_York,2022,8,14,84686
New_York,2022,8,15,84563
New_York,2022,8,16,84478
New_York,2022,8,17,84840
New_York,2022,8,18,84555
New_York,2022,8,19,84870
New_York,2022,8,20,85768
New_York,2022,8,21,85544
New_York,2022,8,22,87264
New_York,2022,8,23,87644
New_York,2022,8,24,84605
New_York,2022,8,25,84346
New_York,2022,8,26,85662
New_York,2022,8,27,84626
New_York,2022,8,28,86892
New_York,2022,8,29,86815
New_York,2022,8,30,84177
New_York,2022,8,31,86107
New_York,2023,6,1,84591
New_York,2023,6,2,84887
New_York,2023,6,3,86504
New_York,2023,6,4,86160
New_York,2023,6,5,84752
New_York,2023,6,6,86679
New_York,2023,6,7,84478
New_York,2023,6,8,86076
New_York,2023,6,9,86980
New_York,2023,6,10,87423
New_York,2023,6,11,84960
New_York,2023,6,12,86316
New_York,2023,6,13,84892
New_York,2023,6,14,86997
New_York,2023,6,15,86045
New_York,2023,6,16,86317
New_York,2023,6,17,87002
New_York,2023,6,18,84481
New_York,2023,6,19,84991
New_York,2023,6,20,84679
New_York,2023,6,21,84694
New_York,2023,6,22,87033
New_York,2023,6,23,87523
New_York,2023,6,24,87946
New_York,2023,6,25,86800
New_York,2023,6,26,87599
New_York,2023,6,27,87989
New_York,2023,6,28,87504
New_York,2023,6,29,86547
New_York,2023,6,30,86599
New_York,2023,7,1,84515
New_York,2023,7,2,87518
New_York,2023,7,3,87131
New_York,2023,7,4,87910
New_York,2023,7,5,86127
New_York,2023,7,6,84653
New_York,2023,7,7,86127
New_York,2023,7,8,86946
New_York,2023,7,9,87482
New_York,2023,7,10,88014
New_York,2023,7,11,84513
New_York,2023,7,12,84464
New_York,2023,7,13,84604
New_York,2023,7,14,87997
New_York,2023,7,15,87718
New_York,2023,7,16,87773
New_York,2023,7,17,86638
New_York,2023,7,18,86858
New_York,2023,7,19,86883
New_York,2023,7,20,84529
New_York,2023,7,21,87592
New_York,2023,7,22,84555
New_York,2023,7,23,84491
New_York,2023,7,24,84693
New_York,2023,7,25,86457
New_York,2023,7,26,85994
New_York,2023,7,27,86172
New_York,2023,7,28,84662
New_York,2023,7,29,87195
New_York,2023,7,30,84746
New_York,2023,7,31,84506
New_York,2023,8,1,84737
New_York,2023,8,2,84750
New_York,2023,8,3,84434
New_York,2023,8,4,86519
New_York,2023,8,5,86221
New_York,2023,8,6,84461
New_York,2023,8,7,87255
New_York,2023,8,8,87573
New_York,2023,8,9,85451
New_York,2023,8,10,85902
New_York,2023,8,11,86005
New_York,2023,8,12,85916
New_York,2023,8,13,86289
New_York,2023,8,14,84269
New_York,2023,8,15,87495
New_York,2023,8,16,87322
New_York,2023,8,17,86706
New_York,2023,8,18,86642
New_York,2023,8,19,84212
New_York,2023,8,20,84251
New_York,2023,8,21,84210
New_York,2023,8,22,83996
New_York,2023,8,23,84085
New_York,2023,8,24,86119
New_York,2023,8,25,87498
New_York,2023,8,26,87143
New_York,2023,8,27,84074
New_York,2023,8,28,85992
New_York,2023,8,29,86158
New_York,2023,8,30,87301
New_York,2023,8,31,84037
New_York,2024,6,1,84594
New_York,2024,6,2,84614
New_York,2024,6,3,84677
New_York,2024,6,4,84732
New_York,2024,6,5,84822
New_York,2024,6,6,87837
New_York,2024,6,7,86078
New_York,2024,6,8,84269
New_York,2024,6,9,84620
New_York,2024,6,10,84702
New_York,2024,6,11,86507
New_York,2024,6,12,85119
New_York,2024,6,13,84879
New_York,2024,6,14,86805
New_York,2024,6,15,86039
New_York,2024,6,16,84603
New_York,2024,6,17,84571
New_York,2024,6,18,84641
New_York,2024,6,19,84632
New_York,2024,6,20,84627
New_York,2024,6,21,84533
New_York,2024,6,22,86886
New_York,2024,6,23,86604
New_York,2024,6,24,86253
New_York,2024,6,25,84544
New_York,2024,6,26,84627
New_York,2024,6,27,86374
New_York,2024,6,28,84590
New_York,2024,6,29,86500
New_York,2024,6,30,88137
New_York,2024,7,1,86252
New_York,2024,7,2,84296
New_York,2024,7,3,84135
New_York,2024,7,4,84595
New_York,2024,7,5,87651
New_York,2024,7,6,87306
New_York,2024,7,7,84850
New_York,2024,7,8,86475
New_York,2024,7,9,86224
New_York,2024,7,10,84466
New_York,2024,7,11,86613
New_York,2024,7,12,86934
New_York,2024,7,13,88333
New_York,2024,7,14,86514
New_York,2024,7,15,86040
New_York,2024,7,16,84560
New_York,2024,7,17,84935
New_York,2024,7,18,86944
New_York,2024,7,19,84529
New_York,2024,7,20,84772
New_York,2024,7,21,87179
New_York,2024,7,22,86312
New_York,2024,7,23,87518
New_York,2024,7,24,86760
New_York,2024,7,25,86702
New_York,2024,7,26,84822
New_York,2024,7,27,84915
New_York,2024,7,28,84859
New_York,2024,7,29,87907
New_York,2024,7,30,86589
New_York,2024,7,31,87630
New_York,2024,8,1,85935
New_York,2024,8,2,86132
New_York,2024,8,3,86792
New_York,2024,8,4,88019
New_York,2024,8,5,84511
New_York,2024,8,6,86650
New_York,2024,8,7,87784
New_York,2024,8,8,87173
New_York,2024,8,9,87778
New_York,2024,8,10,86040
New_York,2024,8,11,84482
New_York,2024,8,12,84319
New_York,2024,8,13,84280
New_York,2024,8,14,84122
New_York,2024,8,15,84246
New_York,2024,8,16,84160
New_York,2024,8,17,86195
New_York,2024,8,18,87380
New_York,2024,8,19,87691
New_York,2024,8,20,84185
New_York,2024,8,21,84391
New_York,2024,8,22,84115
New_York,2024,8,23,84140
New_York,2024,8,24,84396
New_York,2024,8,25,84447
New_York,2024,8,26,86007
New_York,2024,8,27,84246
New_York,2024,8,28,84327
New_York,2024,8,29,86593
New_York,2024,8,30,86786
New_York,2024,8,31,86663
Singapore,2019,6,1,81028
Singapore,2019,6,2,82331
Singapore,2019,6,3,80991
Singapore,2019,6,4,82277
Singapore,2019,6,5,81121
Singapore,2019,6,6,82382
Singapore,2019,6,7,82420
Singapore,2019,6,8,81111
Singapore,2019,6,9,80941
Singapore,2019,6,10,80629
Singapore,2019,6,11,80918
Singapore,2019,6,12,82034
Singapore,2019,6,13,82338
Singapore,2019,6,14,82110
Singapore,2019,6,15,80547
Singapore,2019,6,16,80716
Singapore,2019,6,17,81036
Singapore,2019,6,18,82389
Singapore,2019,6,19,82251
Singapore,2019,6,20,80832
Singapore,2019,6,21,80819
Singapore,2019,6,22,81909
Singapore,2019,6,23,80594
Singapore,2019,6,24,81703
Singapore,2019,6,25,80371
Singapore,2019,6,26,79968
Singapore,2019,6,27,80222
Singapore,2019,6,28,80636
Singapore,2019,6,29,80776
Singapore,2019,6,30,80620
Singapore,2019,7,1,80347
Singapore,2019,7,2,80369
Singapore,2019,7,3,80429
Singapore,2019,7,4,81733
Singapore,2019,7,5,80464
Singapore,2019,7,6,80719
Singapore,2019,7,7,80868
Singapore,2019,7,8,80814
Singapore,2019,7,9,80099
Singapore,2019,7,10,79251
Singapore,2019,7,11,79973
Singapore,2019,7,12,80089
Singapore,2019,7,13,80730
Singapore,2019,7,14,80860
Singapore,2019,7,15,80898
Singapore,2019,7,16,81884
Singapore,2019,7,17,79924
Singapore,2019,7,18,79744
Singapore,2019,7,19,79814
Singapore,2019,7,20,79731
Singapore,2019,7,21,80576
Singapore,2019,7,22,80851
Singapore,2019,7,23,80757
Singapore,2019,7,24,80341
Singapore,2019,7,25,79678
Singapore,2019,7,26,79801
Singapore,2019,7,27,80457
Singapore,2019,7,28,80466
Singapore,2019,7,29,80088
Singapore,2019,7,30,79932
Singapore,2019,7,31,79930
Singapore,2019,8,1,79686
Singapore,2019,8,2,79911
Singapore,2019,8,3,79725
Singapore,2019,8,4,80168
Singapore,2019,8,5,79846
Singapore,2019,8,6,80391
Singapore,2019,8,7,80259
Singapore,2019,8,8,79991
Singapore,2019,8,9,79864
Singapore,2019,8,10,80045
Singapore,2019,8,11,79872
Singapore,2019,8,12,79877
Singapore,2019,8,13,80022
Singapore,2019,8,14,80848
Singapore,2019,8,15,80307
Singapore,2019,8,16,79830
Singapore,2019,8,17,79766
Singapore,2019,8,18,79705
Singapore,2019,8,19,79538
Singapore,2019,8,20,80012
Singapore,2019,8,21,80530
Singapore,2019,8,22,80460
Singapore,2019,8,23,79947
Singapore,2019,8,24,79819
Singapore,2019,8,25,80654
Singapore,2019,8,26,80939
Singapore,2019,8,27,80981
Singapore,2019,8,28,80194
Singapore,2019,8,29,80339
Singapore,2019,8,30,79345
Singapore,2019,8,31,79303
Singapore,2020,6,1,81970
Singapore,2020,6,2,82448
Singapore,2020,6,3,80997
Singapore,2020,6,4,82338
Singapore,2020,6,5,82266
Singapore,2020,6,6,80725
Singapore,2020,6,7,80415
Singapore,2020,6,8,80789
Singapore,2020,6,9,80727
Singapore,2020,6,10,80774
Singapore,2020,6,11,82415
Singapore,2020,6,12,82364
Singapore,2020,6,13,82030
Singapore,2020,6,14,80744
Singapore,2020,6,15,80858
Singapore,2020,6,16,80964
Singapore,2020,6,17,82281
Singapore,2020,6,18,82057
Singapore,2020,6,19,82291
Singapore,2020,6,20,82186
Singapore,2020,6,21,80769
Singapore,2020,6,22,80671
Singapore,2020,6,23,82146
Singapore,2020,6,24,81828
Singapore,2020,6,25,81807
Singapore,2020,6,26,80424
Singapore,2020,6,27,80429
Singapore,2020,6,28,80397
Singapore,2020,6,29,80676
Singapore,2020,6,30,80650
Singapore,2020,7,1,80656
Singapore,2020,7,2,81807
Singapore,2020,7,3,82270
Singapore,2020,7,4,80882
Singapore,2020,7,5,80548
Singapore,2020,7,6,80832
Singapore,2020,7,7,82424
Singapore,2020,7,8,82167
Singapore,2020,7,9,81039
Singapore,2020,7,10,80346
Singapore,2020,7,11,80992
Singapore,2020,7,12,80990
Singapore,2020,7,13,80905
Singapore,2020,7,14,81417
Singapore,2020,7,15,80391
Singapore,2020,7,16,80653
Singapore,2020,7,17,80749
Singapore,2020,7,18,80940
Singapore,2020,7,19,81741
Singapore,2020,7,20,80829
Singapore,2020,7,21,80600
Singapore,2020,7,22,80921
Singapore,2020,7,23,80845
Singapore,2020,7,24,82379
Singapore,2020,7,25,80570
Singapore,2020,7,26,80875
Singapore,2020,7,27,82284
Singapore,2020,7,28,80948
Singapore,2020,7,29,82700
Singapore,2020,7,30,80687
Singapore,2020,7,31,80635
Singapore,2020,8,1,80009
Singapore,2020,8,2,79629
Singapore,2020,8,3,80060
Singapore,2020,8,4,80078
Singapore,2020,8,5,79718
Singapore,2020,8,6,80057
Singapore,2020,8,7,79950
Singapore,2020,8,8,80106
Singapore,2020,8,9,80320
Singapore,2020,8,10,79984
Singapore,2020,8,11,80319
Singapore,2020,8,12,80913
Singapore,2020,8,13,80473
Singapore,2020,8,14,79932
Singapore,2020,8,15,80711
Singapore,2020,8,16,80557
Singapore,2020,8,17,80561
Singapore,2020,8,18,81649
Singapore,2020,8,19,81083
Singapore,2020,8,20,80787
Singapore,2020,8,21,79833
Singapore,2020,8,22,80436
Singapore,2020,8,23,80384
Singapore,2020,8,24,80693
Singapore,2020,8,25,80842
Singapore,2020,8,26,80696
Singapore,2020,8,27,80435
Singapore,2020,8,28,80104
Singapore,2020,8,29,80599
Singapore,2020,8,30,80525
Singapore,2020,8,31,80618
Singapore,2021,6,1,80862
Singapore,2021,6,2,82079
Singapore,2021,6,3,82271
Singapore,2021,6,4,80644
Singapore,2021,6,5,80627
Singapore,2021,6,6,80220
Singapore,2021,6,7,80579
Singapore,2021,6,8,80482
Singapore,2021,6,9,80744
Singapore,2021,6,10,80709
Singapore,2021,6,11,80524
Singapore,2021,6,12,80888
Singapore,2021,6,13,82059
Singapore,2021,6,14,80826
Singapore,2021,6,15,80969
Singapore,2021,6,16,80489
Singapore,2021,6,17,82431
Singapore,2021,6,18,81759
Singapore,2021,6,19,81749
Singapore,2021,6,20,81978
Singapore,2021,6,21,81606
Singapore,2021,6,22,80803
Singapore,2021,6,23,81803
Singapore,2021,6,24,80966
Singapore,2021,6,25,80818
Singapore,2021,6,26,81862
Singapore,2021,6,27,80372
Singapore,2021,6,28,80925
Singapore,2021,6,29,82355
Singapore,2021,6,30,81668
Singapore,2021,7,1,82110
Singapore,2021,7,2,82083
Singapore,2021,7,3,82276
Singapore,2021,7,4,81717
Singapore,2021,7,5,82052
Singapore,2021,7,6,82063
Singapore,2021,7,7,82040
Singapore,2021,7,8,80605
Singapore,2021,7,9,80932
Singapore,2021,7,10,82681
Singapore,2021,7,11,82402
Singapore,2021,7,12,82502
Singapore,2021,7,13,80672
Singapore,2021,7,14,80094
Singapore,2021,7,15,79084
Singapore,2021,7,16,80102
Singapore,2021,7,17,79849
Singapore,2021,7,18,79696
Singapore,2021,7,19,80171
Singapore,2021,7,20,79940
Singapore,2021,7,21,79626
Singapore,2021,7,22,80085
Singapore,2021,7,23,80554
Singapore,2021,7,24,79823
Singapore,2021,7,25,79977
Singapore,2021,7,26,80031
Singapore,2021,7,27,80074
Singapore,2021,7,28,79654
Singapore,2021,7,29,79842
Singapore,2021,7,30,80424
Singapore,2021,7,31,80306
Singapore,2021,8,1,80329
Singapore,2021,8,2,80677
Singapore,2021,8,3,80835
Singapore,2021,8,4,80231
Singapore,2021,8,5,80233
Singapore,2021,8,6,80576
Singapore,2021,8,7,81113
Singapore,2021,8,8,80733
Singapore,2021,8,9,80868
Singapore,2021,8,10,80852
Singapore,2021,8,11,80508
Singapore,2021,8,12,80676
Singapore,2021,8,13,80892
Singapore,2021,8,14,81086
Singapore,2021,8,15,80990
Singapore,2021,8,16,82409
Singapore,2021,8,17,81069
Singapore,2021,8,18,82475
Singapore,2021,8,19,80541
Singapore,2021,8,20,82498
Singapore,2021,8,21,82249
Singapore,2021,8,22,82454
Singapore,2021,8,23,81170
Singapore,2021,8,24,80738
Singapore,2021,8,25,80592
Singapore,2021,8,26,82110
Singapore,2021,8,27,80750
Singapore,2021,8,28,80610
Singapore,2021,8,29,80995
Singapore,2021,8,30,80907
Singapore,2021,8,31,80904
Singapore,2022,6,1,82424
Singapore,2022,6,2,82304
Singapore,2022,6,3,81822
Singapore,2022,6,4,81747
Singapore,2022,6,5,81946
Singapore,2022,6,6,82019
Singapore,2022,6,7,81669
Singapore,2022,6,8,81090
Singapore,2022,6,9,82084
Singapore,2022,6,10,80685
Singapore,2022,6,11,80927
Singapore,2022,6,12,82263
Singapore,2022,6,13,82505
Singapore,2022,6,14,80658
Singapore,2022,6,15,82282
Singapore,2022,6,16,82136
Singapore,2022,6,17,82011
Singapore,2022,6,18,80921
Singapore,2022,6,19,80650
Singapore,2022,6,20,80573
Singapore,2022,6,21,80930
Singapore,2022,6,22,80857
Singapore,2022,6,23,80915
Singapore,2022,6,24,80804
Singapore,2022,6,25,80390
Singapore,2022,6,26,80335
Singapore,2022,6,27,81998
Singapore,2022,6,28,81001
Singapore,2022,6,29,81664
Singapore,2022,6,30,79964
Singapore,2022,7,1,79997
Singapore,2022,7,2,79435
Singapore,2022,7,3,79148
Singapore,2022,7,4,80015
Singapore,2022,7,5,80492
Singapore,2022,7,6,80565
Singapore,2022,7,7,80378
Singapore,2022,7,8,80101
Singapore,2022,7,9,81563
Singapore,2022,7,10,80109
Singapore,2022,7,11,80511
Singapore,2022,7,12,80650
Singapore,2022,7,13,80004
Singapore,2022,7,14,80625
Singapore,2022,7,15,80563
Singapore,2022,7,16,79879
Singapore,2022,7,17,79821
Singapore,2022,7,18,80033
Singapore,2022,7,19,80932
Singapore,2022,7,20,82107
Singapore,2022,7,21,82213
Singapore,2022,7,22,80450
Singapore,2022,7,23,80766
Singapore,2022,7,24,80963
Singapore,2022,7,25,82132
Singapore,2022,7,26,81427
Singapore,2022,7,27,82116
Singapore,2022,7,28,80350
Singapore,2022,7,29,80745
Singapore,2022,7,30,81419
Singapore,2022,7,31,80781
Singapore,2022,8,1,80933
Singapore,2022,8,2,82350
Singapore,2022,8,3,80770
Singapore,2022,8,4,80959
Singapore,2022,8,5,81517
Singapore,2022,8,6,80132
Singapore,2022,8,7,80151
Singapore,2022,8,8,79631
Singapore,2022,8,9,80053
Singapore,2022,8,10,80212
Singapore,2022,8,11,80086
Singapore,2022,8,12,80849
Singapore,2022,8,13,80657
Singapore,2022,8,14,80431
Singapore,2022,8,15,80296
Singapore,2022,8,16,80678
Singapore,2022,8,17,80663
Singapore,2022,8,18,80618
Singapore,2022,8,19,80886
Singapore,2022,8,20,80967
Singapore,2022,8,21,81936
Singapore,2022,8,22,81858
Singapore,2022,8,23,80891
Singapore,2022,8,24,80705
Singapore,2022,8,25,80828
Singapore,2022,8,26,80155
Singapore,2022,8,27,80693
Singapore,2022,8,28,82390
Singapore,2022,8,29,81080
Singapore,2022,8,30,80903
Singapore,2022,8,31,81560
Singapore,2023,5,1,46474
Singapore,2023,5,2,46500
Singapore,2023,5,3,46494
Singapore,2023,5,4,46552
Singapore,2023,5,5,46535
Singapore,2023,5,6,46480
Singapore,2023,5,7,47838
Singapore,2023,5,8,47814
Singapore,2023,5,9,47835
Singapore,2023,5,10,46421
Singapore,2023,5,11,46452
Singapore,2023,5,12,46503
Singapore,2023,5,13,46522
Singapore,2023,5,14,46427
Singapore,2023,5,15,46417
Singapore,2023,5,16,47874
Singapore,2023,5,17,46439
Singapore,2023,5,18,47965
Singapore,2023,5,19,46418
Singapore,2023,5,20,47830
Singapore,2023,5,21,47860
Singapore,2023,5,22,46523
Singapore,2023,5,23,46467
Singapore,2023,5,24,46479
Singapore,2023,5,25,46519
Singapore,2023,5,26,47912
Singapore,2023,5,27,47865
Singapore,2023,5,28,47842
Singapore,2023,5,29,46489
Singapore,2023,5,30,46478
Singapore,2023,5,31,46461
Singapore,2023,6,1,80601
Singapore,2023,6,2,80468
Singapore,2023,6,3,80536
Singapore,2023,6,4,80851
Singapore,2023,6,5,80357
Singapore,2023,6,6,81591
Singapore,2023,6,7,81892
Singapore,2023,6,8,80678
Singapore,2023,6,9,80911
Singapore,2023,6,10,80605
Singapore,2023,6,11,80408
Singapore,2023,6,12,82048
Singapore,2023,6,13,80500
Singapore,2023,6,14,82128
Singapore,2023,6,15,80144
Singapore,2023,6,16,80312
Singapore,2023,6,17,80577
Singapore,2023,6,18,80643
Singapore,2023,6,19,80853
Singapore,2023,6,20,80664
Singapore,2023,6,21,80869
Singapore,2023,6,22,81053
Singapore,2023,6,23,81202
Singapore,2023,6,24,81044
Singapore,2023,6,25,80859
Singapore,2023,6,26,80478
Singapore,2023,6,27,82018
Singapore,2023,6,28,80780
Singapore,2023,6,29,81072
Singapore,2023,6,30,81265
Singapore,2023,7,1,81740
Singapore,2023,7,2,81607
Singapore,2023,7,3,80955
Singapore,2023,7,4,80978
Singapore,2023,7,5,81071
Singapore,2023,7,6,80948
Singapore,2023,7,7,82256
Singapore,2023,7,8,80810
Singapore,2023,7,9,80906
Singapore,2023,7,10,80890
Singapore,2023,7,11,82155
Singapore,2023,7,12,80373
Singapore,2023,7,13,80912
Singapore,2023,7,14,81986
Singapore,2023,7,15,79624
Singapore,2023,7,16,80019
Singapore,2023,7,17,80785
Singapore,2023,7,18,80901
Singapore,2023,7,19,80742
Singapore,2023,7,20,80865
Singapore,2023,7,21,82207
Singapore,2023,7,22,80909
Singapore,2023,7,23,80703
Singapore,2023,7,24,79348
Singapore,2023,7,25,79741
Singapore,2023,7,26,80509
Singapore,2023,7,27,80251
Singapore,2023,7,28,80538
Singapore,2023,7,29,80637
Singapore,2023,7,30,79789
Singapore,2023,7,31,80042
Singapore,2023,8,1,80716
Singapore,2023,8,2,80751
Singapore,2023,8,3,80959
Singapore,2023,8,4,80561
Singapore,2023,8,5,79735
Singapore,2023,8,6,79803
Singapore,2023,8,7,80688
Singapore,2023,8,8,80879
Singapore,2023,8,9,80870
Singapore,2023,8,10,80242
Singapore,2023,8,11,80075
Singapore,2023,8,12,81216
Singapore,2023,8,13,80840
Singapore,2023,8,14,81033
Singapore,2023,8,15,82151
Singapore,2023,8,16,80765
Singapore,2023,8,17,80839
Singapore,2023,8,18,80540
Singapore,2023,8,19,80835
Singapore,2023,8,20,82218
Singapore,2023,8,21,80071
Singapore,2023,8,22,79563
Singapore,2023,8,23,80327
Singapore,2023,8,24,80583
Singapore,2023,8,25,80959
Singapore,2023,8,26,81033
Singapore,2023,8,27,81699
Singapore,2023,8,28,80662
Singapore,2023,8,29,80698
Singapore,2023,8,30,80755
Singapore,2023,8,31,80332
Singapore,2024,6,1,81917
Singapore,2024,6,2,82274
Singapore,2024,6,3,80781
Singapore,2024,6,4,80735
Singapore,2024,6,5,80520
Singapore,2024,6,6,80833
Singapore,2024,6,7,82184
Singapore,2024,6,8,82176
Singapore,2024,6,9,80655
Singapore,2024,6,10,80341
Singapore,2024,6,11,81102
Singapore,2024,6,12,81140
Singapore,2024,6,13,80967
Singapore,2024,6,14,80959
Singapore,2024,6,15,80743
Singapore,2024,6,16,80994
Singapore,2024,6,17,80897
Singapore,2024,6,18,82247
Singapore,2024,6,19,81854
Singapore,2024,6,20,80849
Singapore,2024,6,21,80824
Singapore,2024,6,22,81761
Singapore,2024,6,23,80237
Singapore,2024,6,24,80690
Singapore,2024,6,25,80677
Singapore,2024,6,26,80378
Singapore,2024,6,27,80577
Singapore,2024,6,28,82263
Singapore,2024,6,29,82170
Singapore,2024,6,30,80667
Singapore,2024,7,1,80012
Singapore,2024,7,2,81172
Singapore,2024,7,3,80397
Singapore,2024,7,4,81848
Singapore,2024,7,5,80704
Singapore,2024,7,6,82051
Singapore,2024,7,7,82192
Singapore,2024,7,8,80571
Singapore,2024,7,9,80910
Singapore,2024,7,10,80689
Singapore,2024,7,11,79712
Singapore,2024,7,12,80519
Singapore,2024,7,13,82135
Singapore,2024,7,14,80564
Singapore,2024,7,15,80349
Singapore,2024,7,16,79750
Singapore,2024,7,17,80206
Singapore,2024,7,18,80142
Singapore,2024,7,19,79770
Singapore,2024,7,20,80015
Singapore,2024,7,21,79719
Singapore,2024,7,22,81569
Singapore,2024,7,23,79975
Singapore,2024,7,24,79954
Singapore,2024,7,25,79741
Singapore,2024,7,26,79748
Singapore,2024,7,27,79679
Singapore,2024,7,28,79951
Singapore,2024,7,29,79954
Singapore,2024,7,30,80305
Singapore,2024,7,31,80679
Singapore,2024,8,1,80241
Singapore,2024,8,2,80686
Singapore,2024,8,3,80899
Singapore,2024,8,4,81093
Singapore,2024,8,5,81542
Singapore,2024,8,6,79923
Singapore,2024,8,7,80587
Singapore,2024,8,8,80388
Singapore,2024,8,9,82458
Singapore,2024,8,10,81141
Singapore,2024,8,11,80314
Singapore,2024,8,12,80247
Singapore,2024,8,13,80283
Singapore,2024,8,14,80727
Singapore,2024,8,15,80814
Singapore,2024,8,16,80603
Singapore,2024,8,17,80800
Singapore,2024,8,18,80836
Singapore,2024,8,19,80920
Singapore,2024,8,20,81135
Singapore,2024,8,21,80411
Singapore,2024,8,22,80400
Singapore,2024,8,23,81037
Singapore,2024,8,24,80254
Singapore,2024,8,25,80871
Singapore,2024,8,26,80744
Singapore,2024,8,27,80848
Singapore,2024,8,28,79757
Singapore,2024,8,29,79833
Singapore,2024,8,30,80032
Singapore,2024,8,31,80317
Sydney,2019,1,1,76446
Sydney,2019,1,2,76703
Sydney,2019,1,3,76565
Sydney,2019,1,4,76054
Sydney,2019,1,5,77435
Sydney,2019,1,6,77200
Sydney,2019,1,7,77152
Sydney,2019,1,8,76805
Sydney,2019,1,9,77181
Sydney,2019,1,10,77085
Sydney,2019,1,11,76769
Sydney,2019,1,12,76535
Sydney,2019,1,13,77052
Sydney,2019,1,14,75912
Sydney,2019,1,15,75828
Sydney,2019,1,16,76346
Sydney,2019,1,17,76332
Sydney,2019,1,18,76370
Sydney,2019,1,19,76753
Sydney,2019,1,20,76991
Sydney,2019,1,21,76460
Sydney,2019,1,22,76215
Sydney,2019,1,23,77058
Sydney,2019,1,24,77001
Sydney,2019,1,25,75986
Sydney,2019,1,26,76331
Sydney,2019,1,27,76983
Sydney,2019,1,28,77080
Sydney,2019,1,29,76171
Sydney,2019,1,30,76069
Sydney,2019,1,31,76961
Sydney,2019,2,1,77287
Sydney,2019,2,2,76907
Sydney,2019,2,3,75730
Sydney,2019,2,4,76808
Sydney,2019,2,5,77191
Sydney,2019,2,6,77027
Sydney,2019,2,7,76869
Sydney,2019,2,8,76945
Sydney,2019,2,9,76624
Sydney,2019,2,10,75906
Sydney,2019,2,11,75820
Sydney,2019,2,12,76550
Sydney,2019,2,13,77123
Sydney,2019,2,14,76446
Sydney,2019,2,15,76517
Sydney,2019,2,16,75932
Sydney,2019,2,17,75751
Sydney,2019,2,18,76270
Sydney,2019,2,19,77281
Sydney,2019,2,20,77290
Sydney,2019,2,21,77255
Sydney,2019,2,22,77246
Sydney,2019,2,23,77261
Sydney,2019,2,24,77004
Sydney,2019,2,25,75828
Sydney,2019,2,26,76475
Sydney,2019,2,27,77093
Sydney,2019,2,28,76813
Sydney,2019,12,1,76991
Sydney,2019,12,2,76384
Sydney,2019,12,3,75882
Sydney,2019,12,4,76053
Sydney,2019,12,5,75973
Sydney,2019,12,6,76720
Sydney,2019,12,7,76769
Sydney,2019,12,8,76477
Sydney,2019,12,9,75824
Sydney,2019,12,10,76801
Sydney,2019,12,11,76836
Sydney,2019,12,12,77115
Sydney,2019,12,13,77052
Sydney,2019,12,14,76951
Sydney,2019,12,15,76715
Sydney,2019,12,16,76614
Sydney,2019,12,17,75939
Sydney,2019,12,18,75950
Sydney,2019,12,19,76116
Sydney,2019,12,20,75905
Sydney,2019,12,21,76590
Sydney,2019,12,22,77203
Sydney,2019,12,23,77170
Sydney,2019,12,24,77339
Sydney,2019,12,25,76605
Sydney,2019,12,26,75938
Sydney,2019,12,27,75825
Sydney,2019,12,28,75966
Sydney,2019,12,29,76629
Sydney,2019,12,30,76001
Sydney,2019,12,31,76821
Sydney,2020,1,1,76658
Sydney,2020,1,2,77131
Sydney,2020,1,3,76334
Sydney,2020,1,4,76573
Sydney,2020,1,5,76843
Sydney,2020,1,6,77163
Sydney,2020,1,7,76985
Sydney,2020,1,8,76939
Sydney,2020,1,9,76745
Sydney,2020,1,10,76568
Sydney,2020,1,11,76938
Sydney,2020,1,12,77170
Sydney,2020,1,13,77058
Sydney,2020,1,14,76429
Sydney,2020,1,15,76618
Sydney,2020,1,16,77564
Sydney,2020,1,17,77383
Sydney,2020,1,18,77336
Sydney,2020,1,19,76841
Sydney,2020,1,20,76714
Sydney,2020,1,21,76040
Sydney,2020,1,22,76101
Sydney,2020,1,23,76764
Sydney,2020,1,24,76899
Sydney,2020,1,25,76832
Sydney,2020,1,26,76902
Sydney,2020,1,27,76388
Sydney,2020,1,28,76849
Sydney,2020,1,29,76798
Sydney,2020,1,30,76227
Sydney,2020,1,31,75883
Sydney,2020,2,1,75998
Sydney,2020,2,2,76958
Sydney,2020,2,3,77096
Sydney,2020,2,4,76908
Sydney,2020,2,5,76855
Sydney,2020,2,6,77376
Sydney,2020,2,7,77358
Sydney,2020,2,8,77309
Sydney,2020,2,9,77388
Sydney,2020,2,10,76985
Sydney,2020,2,11,76953
Sydney,2020,2,12,77354
Sydney,2020,2,13,77242
Sydney,2020,2,14,76478
Sydney,2020,2,15,76966
Sydney,2020,2,16,77024
Sydney,2020,2,17,76849
Sydney,2020,2,18,76519
Sydney,2020,2,19,76668
Sydney,2020,2,20,76606
Sydney,2020,2,21,77180
Sydney,2020,2,22,77375
Sydney,2020,2,23,76698
Sydney,2020,2,24,76493
Sydney,2020,2,25,75990
Sydney,2020,2,26,77009
Sydney,2020,2,27,76556
Sydney,2020,2,28,76833
Sydney,2020,2,29,76449
Sydney,2020,12,1,76394
Sydney,2020,12,2,77021
Sydney,2020,12,3,76499
Sydney,2020,12,4,76818
Sydney,2020,12,5,76911
Sydney,2020,12,6,75902
Sydney,2020,12,7,75854
Sydney,2020,12,8,76415
Sydney,2020,12,9,76058
Sydney,2020,12,10,77045
Sydney,2020,12,11,77071
Sydney,2020,12,12,77065
Sydney,2020,12,13,77225
Sydney,2020,12,14,77178
Sydney,2020,12,15,77465
Sydney,2020,12,16,77060
Sydney,2020,12,17,76467
Sydney,2020,12,18,77407
Sydney,2020,12,19,77279
Sydney,2020,12,20,77233
Sydney,2020,12,21,77445
Sydney,2020,12,22,76035
Sydney,2020,12,23,75919
Sydney,2020,12,24,77011
Sydney,2020,12,25,77345
Sydney,2020,12,26,77035
Sydney,2020,12,27,76069
Sydney,2020,12,28,77298
Sydney,2020,12,29,77621
Sydney,2020,12,30,76847
Sydney,2020,12,31,77140
Sydney,2021,1,1,77430
Sydney,2021,1,2,77499
Sydney,2021,1,3,76814
Sydney,2021,1,4,77234
Sydney,2021,1,5,77117
Sydney,2021,1,6,77073
Sydney,2021,1,7,77096
Sydney,2021,1,8,76938
Sydney,2021,1,9,76617
Sydney,2021,1,10,76377
Sydney,2021,1,11,75743
Sydney,2021,1,12,76484
Sydney,2021,1,13,75916
Sydney,2021,1,14,77086
Sydney,2021,1,15,76567
Sydney,2021,1,16,76105
Sydney,2021,1,17,76422
Sydney,2021,1,18,76605
Sydney,2021,1,19,76957
Sydney,2021,1,20,76642
Sydney,2021,1,21,75865
Sydney,2021,1,22,76104
Sydney,2021,1,23,76060
Sydney,2021,1,24,75898
Sydney,2021,1,25,75953
Sydney,2021,1,26,76621
Sydney,2021,1,27,77185
Sydney,2021,1,28,77197
Sydney,2021,1,29,77274
Sydney,2021,1,30,76932
Sydney,2021,1,31,77138
Sydney,2021,2,1,77177
Sydney,2021,2,2,76876
Sydney,2021,2,3,76828
Sydney,2021,2,4,76243
Sydney,2021,2,5,76435
Sydney,2021,2,6,76925
Sydney,2021,2,7,76966
Sydney,2021,2,8,76894
Sydney,2021,2,9,77010
Sydney,2021,2,10,76535
Sydney,2021,2,11,75723
Sydney,2021,2,12,77094
Sydney,2021,2,13,76935
Sydney,2021,2,14,76967
Sydney,2021,2,15,77266
Sydney,2021,2,16,77032
Sydney,2021,2,17,77115
Sydney,2021,2,18,77274
Sydney,2021,2,19,76984
Sydney,2021,2,20,76690
Sydney,2021,2,21,76576
Sydney,2021,2,22,77123
Sydney,2021,2,23,77048
Sydney,2021,2,24,77225
Sydney,2021,2,25,76536
Sydney,2021,2,26,77059
Sydney,2021,2,27,76811
Sydney,2021,2,28,76795
Sydney,2021,12,1,76708
Sydney,2021,12,2,76324
Sydney,2021,12,3,77197
Sydney,2021,12,4,77123
Sydney,2021,12,5,76640
Sydney,2021,12,6,76890
Sydney,2021,12,7,77030
Sydney,2021,12,8,77289
Sydney,2021,12,9,77308
Sydney,2021,12,10,77163
Sydney,2021,12,11,77073
Sydney,2021,12,12,76498
Sydney,2021,12,13,75922
Sydney,2021,12,14,75876
Sydney,2021,12,15,76777
Sydney,2021,12,16,76871
Sydney,2021,12,17,76265
Sydney,2021,12,18,76268
Sydney,2021,12,19,76762
Sydney,2021,12,20,76622
Sydney,2021,12,21,76520
Sydney,2021,12,22,77211
Sydney,2021,12,23,77312
Sydney,2021,12,24,76999
Sydney,2021,12,25,76349
Sydney,2021,12,26,77406
Sydney,2021,12,27,77363
Sydney,2021,12,28,77312
Sydney,2021,12,29,77084
Sydney,2021,12,30,76799
Sydney,2021,12,31,76292
Sydney,2022,1,1,75934
Sydney,2022,1,2,76325
Sydney,2022,1,3,76845
Sydney,2022,1,4,77062
Sydney,2022,1,5,77294
Sydney,2022,1,6,77008
Sydney,2022,1,7,77211
Sydney,2022,1,8,77261
Sydney,2022,1,9,77358
Sydney,2022,1,10,77022
Sydney,2022,1,11,77184
Sydney,2022,1,12,77345
Sydney,2022,1,13,77373
Sydney,2022,1,14,76622
Sydney,2022,1,15,76712
Sydney,2022,1,16,76619
Sydney,2022,1,17,76767
Sydney,2022,1,18,77204
Sydney,2022,1,19,77210
Sydney,2022,1,20,77027
Sydney,2022,1,21,77141
Sydney,2022,1,22,77097
Sydney,2022,1,23,76992
Sydney,2022,1,24,76938
Sydney,2022,1,25,76803
Sydney,2022,1,26,76678
Sydney,2022,1,27,76639
Sydney,2022,1,28,75806
Sydney,2022,1,29,76770
Sydney,2022,1,30,76844
Sydney,2022,1,31,76672
Sydney,2022,2,1,77112
Sydney,2022,2,2,77134
Sydney,2022,2,3,77322
Sydney,2022,2,4,77226
Sydney,2022,2,5,77161
Sydney,2022,2,6,77215
Sydney,2022,2,7,77108
Sydney,2022,2,8,76406
Sydney,2022,2,9,76320
Sydney,2022,2,10,76926
Sydney,2022,2,11,77130
Sydney,2022,2,12,77131
Sydney,2022,2,13,76939
Sydney,2022,2,14,76798
Sydney,2022,2,15,76779
Sydney,2022,2,16,76089
Sydney,2022,2,17,76789
Sydney,2022,2,18,76981
Sydney,2022,2,19,77032
Sydney,2022,2,20,76176
Sydney,2022,2,21,77101
Sydney,2022,2,22,77280
Sydney,2022,2,23,77358
Sydney,2022,2,24,77363
Sydney,2022,2,25,77196
Sydney,2022,2,26,77282
Sydney,2022,12,1,76856
Sydney,2022,12,2,77137
Sydney,2022,12,3,76716
Sydney,2022,12,4,76391
Sydney,2022,12,5,76953
Sydney,2022,12,6,76604
Sydney,2022,12,7,76720
Sydney,2022,12,8,77118
Sydney,2022,12,9,76814
Sydney,2022,12,10,76552
Sydney,2022,12,11,76469
Sydney,2022,12,12,76881
Sydney,2022,12,13,76077
Sydney,2022,12,14,76716
Sydney,2022,12,15,76647
Sydney,2022,12,16,77039
Sydney,2022,12,17,77319
Sydney,2022,12,18,77172
Sydney,2022,12,19,76660
Sydney,2022,12,20,76993
Sydney,2022,12,21,76599
Sydney,2022,12,22,76952
Sydney,2022,12,23,76585
Sydney,2022,12,24,76761
Sydney,2022,12,25,76504
Sydney,2022,12,26,75992
Sydney,2022,12,27,76587
Sydney,2022,12,28,76373
Sydney,2022,12,29,77211
Sydney,2022,12,30,77442
Sydney,2022,12,31,77180
Tokyo,2019,6,1,75743
Tokyo,2019,6,2,75851
Tokyo,2019,6,3,75558
Tokyo,2019,6,4,75026
Tokyo,2019,6,5,75037
Tokyo,2019,6,6,75117
Tokyo,2019,6,7,76127
Tokyo,2019,6,8,76013
Tokyo,2019,6,9,76113
Tokyo,2019,6,10,76220
Tokyo,2019,6,11,75888
Tokyo,2019,6,12,75703
Tokyo,2019,6,13,74954
Tokyo,2019,6,14,75745
Tokyo,2019,6,15,76100
Tokyo,2019,6,16,75128
Tokyo,2019,6,17,75848
Tokyo,2019,6,18,75631
Tokyo,2019,6,19,76051
Tokyo,2019,6,20,76081
Tokyo,2019,6,21,75931
Tokyo,2019,6,22,75851
Tokyo,2019,6,23,76185
Tokyo,2019,6,24,75993
Tokyo,2019,6,25,75727
Tokyo,2019,6,26,75025
Tokyo,2019,6,27,76064
Tokyo,2019,6,28,76199
Tokyo,2019,6,29,76124
Tokyo,2019,6,30,76184
Tokyo,2019,7,1,76159
Tokyo,2019,7,2,75616
Tokyo,2019,7,3,76192
Tokyo,2019,7,4,76151
Tokyo,2019,7,5,75911
Tokyo,2019,7,6,76200
Tokyo,2019,7,7,76194
Tokyo,2019,7,8,75713
Tokyo,2019,7,9,75868
Tokyo,2019,7,10,75831
Tokyo,2019,7,11,76137
Tokyo,2019,7,12,75881
Tokyo,2019,7,13,76193
Tokyo,2019,7,14,76127
Tokyo,2019,7,15,76083
Tokyo,2019,7,16,76114
Tokyo,2019,7,17,75968
Tokyo,2019,7,18,76035
Tokyo,2019,7,19,75897
Tokyo,2019,7,20,75823
Tokyo,2019,7,21,76139
Tokyo,2019,7,22,76072
Tokyo,2019,7,23,76209
Tokyo,2019,7,24,75789
Tokyo,2019,7,25,75515
Tokyo,2019,7,26,75872
Tokyo,2019,7,27,76012
Tokyo,2019,7,28,75044
Tokyo,2019,7,29,75689
Tokyo,2019,7,30,74963
Tokyo,2019,7,31,75617
Tokyo,2019,8,1,75521
Tokyo,2019,8,2,74990
Tokyo,2019,8,3,74969
Tokyo,2019,8,4,74968
Tokyo,2019,8,5,74928
Tokyo,2019,8,6,74968
Tokyo,2019,8,7,75650
Tokyo,2019,8,8,74928
Tokyo,2019,8,9,74945
Tokyo,2019,8,10,75614
Tokyo,2019,8,11,76015
Tokyo,2019,8,12,76018
Tokyo,2019,8,13,76134
Tokyo,2019,8,14,76090
Tokyo,2019,8,15,76000
Tokyo,2019,8,16,74959
Tokyo,2019,8,17,74993
Tokyo,2019,8,18,75596
Tokyo,2019,8,19,76086
Tokyo,2019,8,20,75859
Tokyo,2019,8,21,76160
Tokyo,2019,8,22,75903
Tokyo,2019,8,23,75986
Tokyo,2019,8,24,75945
Tokyo,2019,8,25,75738
Tokyo,2019,8,26,76132
Tokyo,2019,8,27,76196
Tokyo,2019,8,28,76010
Tokyo,2019,8,29,75067
Tokyo,2019,8,30,75696
Tokyo,2019,8,31,75890
Tokyo,2020,6,1,76006
Tokyo,2020,6,2,75964
Tokyo,2020,6,3,75106
Tokyo,2020,6,4,75104
Tokyo,2020,6,5,75076
Tokyo,2020,6,6,76070
Tokyo,2020,6,7,75126
Tokyo,2020,6,8,75088
Tokyo,2020,6,9,74986
Tokyo,2020,6,10,75141
Tokyo,2020,6,11,76024
Tokyo,2020,6,12,76214
Tokyo,2020,6,13,76185
Tokyo,2020,6,14,76067
Tokyo,2020,6,15,75792
Tokyo,2020,6,16,75064
Tokyo,2020,6,17,75067
Tokyo,2020,6,18,76070
Tokyo,2020,6,19,75940
Tokyo,2020,6,20,76096
Tokyo,2020,6,21,75991
Tokyo,2020,6,22,76199
Tokyo,2020,6,23,74970
Tokyo,2020,6,24,75914
Tokyo,2020,6,25,75980
Tokyo,2020,6,26,75920
Tokyo,2020,6,27,75755
Tokyo,2020,6,28,75724
Tokyo,2020,6,29,75708
Tokyo,2020,6,30,76101
Tokyo,2020,7,1,76012
Tokyo,2020,7,2,75677
Tokyo,2020,7,3,76374
Tokyo,2020,7,4,76067
Tokyo,2020,7,5,75820
Tokyo,2020,7,6,76090
Tokyo,2020,7,7,75841
Tokyo,2020,7,8,75991
Tokyo,2020,7,9,76057
Tokyo,2020,7,10,75829
Tokyo,2020,7,11,75901
Tokyo,2020,7,12,76281
Tokyo,2020,7,13,76117
Tokyo,2020,7,14,76154
Tokyo,2020,7,15,76103
Tokyo,2020,7,16,76093
Tokyo,2020,7,17,76164
Tokyo,2020,7,18,76028
Tokyo,2020,7,19,75002
Tokyo,2020,7,20,76123
Tokyo,2020,7,21,75657
Tokyo,2020,7,22,76074
Tokyo,2020,7,23,75950
Tokyo,2020,7,24,75977
Tokyo,2020,7,25,76044
Tokyo,2020,7,26,75625
Tokyo,2020,7,27,75917
Tokyo,2020,7,28,76129
Tokyo,2020,7,29,76039
Tokyo,2020,7,30,76059
Tokyo,2020,7,31,76075
Tokyo,2020,8,1,75007
Tokyo,2020,8,2,75030
Tokyo,2020,8,3,74974
Tokyo,2020,8,4,74943
Tokyo,2020,8,5,74994
Tokyo,2020,8,6,74969
Tokyo,2020,8,7,75119
Tokyo,2020,8,8,75875
Tokyo,2020,8,9,75031
Tokyo,2020,8,10,75035
Tokyo,2020,8,11,74927
Tokyo,2020,8,12,75507
Tokyo,2020,8,13,75658
Tokyo,2020,8,14,74906
Tokyo,2020,8,15,75141
Tokyo,2020,8,16,75112
Tokyo,2020,8,17,75521
Tokyo,2020,8,18,75621
Tokyo,2020,8,19,74934
Tokyo,2020,8,20,74875
Tokyo,2020,8,21,75064
Tokyo,2020,8,22,76143
Tokyo,2020,8,23,76063
Tokyo,2020,8,24,75513
Tokyo,2020,8,25,75677
Tokyo,2020,8,26,75890
Tokyo,2020,8,27,75970
Tokyo,2020,8,28,74971
Tokyo,2020,8,29,74887
Tokyo,2020,8,30,74925
Tokyo,2020,8,31,75998
Tokyo,2021,6,1,75121
Tokyo,2021,6,2,75085
Tokyo,2021,6,3,75874
Tokyo,2021,6,4,76202
Tokyo,2021,6,5,75167
Tokyo,2021,6,6,75083
Tokyo,2021,6,7,75037
Tokyo,2021,6,8,75089
Tokyo,2021,6,9,75104
Tokyo,2021,6,10,75069
Tokyo,2021,6,11,75054
Tokyo,2021,6,12,75104
Tokyo,2021,6,13,76045
Tokyo,2021,6,14,76029
Tokyo,2021,6,15,76063
Tokyo,2021,6,16,76150
Tokyo,2021,6,17,75689
Tokyo,2021,6,18,75693
Tokyo,2021,6,19,76177
Tokyo,2021,6,20,76203
Tokyo,2021,6,21,75105
Tokyo,2021,6,22,75861
Tokyo,2021,6,23,75996
Tokyo,2021,6,24,76118
Tokyo,2021,6,25,75743
Tokyo,2021,6,26,75062
Tokyo,2021,6,27,75763
Tokyo,2021,6,28,76019
Tokyo,2021,6,29,76168
Tokyo,2021,6,30,76191
Tokyo,2021,7,1,76148
Tokyo,2021,7,2,76323
Tokyo,2021,7,3,76233
Tokyo,2021,7,4,76092
Tokyo,2021,7,5,75872
Tokyo,2021,7,6,76110
Tokyo,2021,7,7,76082
Tokyo,2021,7,8,76116
Tokyo,2021,7,9,76160
Tokyo,2021,7,10,76117
Tokyo,2021,7,11,75827
Tokyo,2021,7,12,76207
Tokyo,2021,7,13,76071
Tokyo,2021,7,14,76203
Tokyo,2021,7,15,75832
Tokyo,2021,7,16,74991
Tokyo,2021,7,17,74891
Tokyo,2021,7,18,74979
Tokyo,2021,7,19,75010
Tokyo,2021,7,20,74956
Tokyo,2021,7,21,74901
Tokyo,2021,7,22,74935
Tokyo,2021,7,23,75682
Tokyo,2021,7,24,75812
Tokyo,2021,7,25,75743
Tokyo,2021,7,26,75858
Tokyo,2021,7,27,76049
Tokyo,2021,7,28,75925
Tokyo,2021,7,29,76055
Tokyo,2021,7,30,76186
Tokyo,2021,7,31,75704
Tokyo,2021,8,1,74956
Tokyo,2021,8,2,76061
Tokyo,2021,8,3,75506
Tokyo,2021,8,4,74867
Tokyo,2021,8,5,74904
Tokyo,2021,8,6,76074
Tokyo,2021,8,7,76104
Tokyo,2021,8,8,76010
Tokyo,2021,8,9,75669
Tokyo,2021,8,10,75644
Tokyo,2021,8,11,75700
Tokyo,2021,8,12,76281
Tokyo,2021,8,13,76399
Tokyo,2021,8,14,76392
Tokyo,2021,8,15,76011
Tokyo,2021,8,16,76029
Tokyo,2021,8,17,76038
Tokyo,2021,8,18,74973
Tokyo,2021,8,19,74960
Tokyo,2021,8,20,74996
Tokyo,2021,8,21,75582
Tokyo,2021,8,22,75012
Tokyo,2021,8,23,76021
Tokyo,2021,8,24,75734
Tokyo,2021,8,25,75660
Tokyo,2021,8,26,75666
Tokyo,2021,8,27,75579
Tokyo,2021,8,28,74952
Tokyo,2021,8,29,75868
Tokyo,2021,8,30,75898
Tokyo,2021,8,31,76167
Tokyo,2022,6,1,75125
Tokyo,2022,6,2,75054
Tokyo,2022,6,3,76141
Tokyo,2022,6,4,75822
Tokyo,2022,6,5,76291
Tokyo,2022,6,6,76133
Tokyo,2022,6,7,75932
Tokyo,2022,6,8,75948
Tokyo,2022,6,9,75894
Tokyo,2022,6,10,75786
Tokyo,2022,6,11,76121
Tokyo,2022,6,12,75079
Tokyo,2022,6,13,75655
Tokyo,2022,6,14,76134
Tokyo,2022,6,15,75629
Tokyo,2022,6,16,75118
Tokyo,2022,6,17,75111
Tokyo,2022,6,18,75959
Tokyo,2022,6,19,75010
Tokyo,2022,6,20,75048
Tokyo,2022,6,21,76101
Tokyo,2022,6,22,75968
Tokyo,2022,6,23,75825
Tokyo,2022,6,24,75085
Tokyo,2022,6,25,75028
Tokyo,2022,6,26,75042
Tokyo,2022,6,27,75163
Tokyo,2022,6,28,75242
Tokyo,2022,6,29,75055
Tokyo,2022,6,30,75061
Tokyo,2022,7,1,75037
Tokyo,2022,7,2,75007
Tokyo,2022,7,3,75829
Tokyo,2022,7,4,75725
Tokyo,2022,7,5,76234
Tokyo,2022,7,6,76007
Tokyo,2022,7,7,75925
Tokyo,2022,7,8,75114
Tokyo,2022,7,9,75969
Tokyo,2022,7,10,75573
Tokyo,2022,7,11,75859
Tokyo,2022,7,12,76337
Tokyo,2022,7,13,76229
Tokyo,2022,7,14,76097
Tokyo,2022,7,15,76271
Tokyo,2022,7,16,76216
Tokyo,2022,7,17,75635
Tokyo,2022,7,18,75592
Tokyo,2022,7,19,75919
Tokyo,2022,7,20,75861
Tokyo,2022,7,21,75813
Tokyo,2022,7,22,76015
Tokyo,2022,7,23,75068
Tokyo,2022,7,24,74981
Tokyo,2022,7,25,75850
Tokyo,2022,7,26,75929
Tokyo,2022,7,27,75687
Tokyo,2022,7,28,74939
Tokyo,2022,7,29,75023
Tokyo,2022,7,30,74994
Tokyo,2022,7,31,74936
Tokyo,2022,8,1,74927
Tokyo,2022,8,2,74972
Tokyo,2022,8,3,75768
Tokyo,2022,8,4,76133
Tokyo,2022,8,5,75789
Tokyo,2022,8,6,75749
Tokyo,2022,8,7,75632
Tokyo,2022,8,8,74971
Tokyo,2022,8,9,74941
Tokyo,2022,8,10,74926
Tokyo,2022,8,11,75813
Tokyo,2022,8,12,75759
Tokyo,2022,8,13,76132
Tokyo,2022,8,14,75056
Tokyo,2022,8,15,75027
Tokyo,2022,8,16,75067
Tokyo,2022,8,17,76223
Tokyo,2022,8,18,75162
Tokyo,2022,8,19,75629
Tokyo,2022,8,20,75995
Tokyo,2022,8,21,75899
Tokyo,2022,8,22,75765
Tokyo,2022,8,23,75738
Tokyo,2022,8,24,76045
Tokyo,2022,8,25,76083
Tokyo,2022,8,26,76064
Tokyo,2022,8,27,75813
Tokyo,2022,8,28,75955
Tokyo,2022,8,29,75747
Tokyo,2022,8,30,75942
Tokyo,2022,8,31,75589
Tokyo,2023,6,1,75763
Tokyo,2023,6,2,76337
Tokyo,2023,6,3,75811
Tokyo,2023,6,4,75040
Tokyo,2023,6,5,75049
Tokyo,2023,6,6,76023
Tokyo,2023,6,7,75028
Tokyo,2023,6,8,76108
Tokyo,2023,6,9,75816
Tokyo,2023,6,10,76012
Tokyo,2023,6,11,76102
Tokyo,2023,6,12,76147
Tokyo,2023,6,13,75782
Tokyo,2023,6,14,75916
Tokyo,2023,6,15,76173
Tokyo,2023,6,16,75689
Tokyo,2023,6,17,75072
Tokyo,2023,6,18,75076
Tokyo,2023,6,19,76034
Tokyo,2023,6,20,75180
Tokyo,2023,6,21,75138
Tokyo,2023,6,22,76078
Tokyo,2023,6,23,75954
Tokyo,2023,6,24,75119
Tokyo,2023,6,25,75705
Tokyo,2023,6,26,75717
Tokyo,2023,6,27,75719
Tokyo,2023,6,28,75121
Tokyo,2023,6,29,75692
Tokyo,2023,6,30,76098
Tokyo,2023,7,1,76134
Tokyo,2023,7,2,74922
Tokyo,2023,7,3,75706
Tokyo,2023,7,4,76004
Tokyo,2023,7,5,75913
Tokyo,2023,7,6,75138
Tokyo,2023,7,7,74989
Tokyo,2023,7,8,75870
Tokyo,2023,7,9,75712
Tokyo,2023,7,10,75774
Tokyo,2023,7,11,75050
Tokyo,2023,7,12,75648
Tokyo,2023,7,13,76137
Tokyo,2023,7,14,75730
Tokyo,2023,7,15,74985
Tokyo,2023,7,16,75046
Tokyo,2023,7,17,75061
Tokyo,2023,7,18,75077
Tokyo,2023,7,19,75884
Tokyo,2023,7,20,75916
Tokyo,2023,7,21,75873
Tokyo,2023,7,22,75150
Tokyo,2023,7,23,74995
Tokyo,2023,7,24,75030
Tokyo,2023,7,25,75068
Tokyo,2023,7,26,74998
Tokyo,2023,7,27,74917
Tokyo,2023,7,28,74904
Tokyo,2023,7,29,74976
Tokyo,2023,7,30,74932
Tokyo,2023,7,31,75625
Tokyo,2023,8,1,75793
Tokyo,2023,8,2,74963
Tokyo,2023,8,3,74989
Tokyo,2023,8,4,74971
Tokyo,2023,8,5,75640
Tokyo,2023,8,6,75898
Tokyo,2023,8,7,76020
Tokyo,2023,8,8,76062
Tokyo,2023,8,9,76103
Tokyo,2023,8,10,75991
Tokyo,2023,8,11,75644
Tokyo,2023,8,12,75897
Tokyo,2023,8,13,76202
Tokyo,2023,8,14,76149
Tokyo,2023,8,15,75897
Tokyo,2023,8,16,75739
Tokyo,2023,8,17,74923
Tokyo,2023,8,18,74919
Tokyo,2023,8,19,75759
Tokyo,2023,8,20,76073
Tokyo,2023,8,21,76012
Tokyo,2023,8,22,75980
Tokyo,2023,8,23,75971
Tokyo,2023,8,24,74914
Tokyo,2023,8,25,74950
Tokyo,2023,8,26,76146
Tokyo,2023,8,27,75779
Tokyo,2023,8,28,74971
Tokyo,2023,8,29,74899
Tokyo,2023,8,30,75556
Tokyo,2023,8,31,74838
Tokyo,2024,6,1,75926
Tokyo,2024,6,2,76153
Tokyo,2024,6,3,76105
Tokyo,2024,6,4,75592
Tokyo,2024,6,5,75260
Tokyo,2024,6,6,74974
Tokyo,2024,6,7,75028
Tokyo,2024,6,8,75025
Tokyo,2024,6,9,75729
Tokyo,2024,6,10,75646
Tokyo,2024,6,11,75069
Tokyo,2024,6,12,75006
Tokyo,2024,6,13,75091
Tokyo,2024,6,14,75007
Tokyo,2024,6,15,75728
Tokyo,2024,6,16,75084
Tokyo,2024,6,17,76060
Tokyo,2024,6,18,75908
Tokyo,2024,6,19,74937
Tokyo,2024,6,20,74947
Tokyo,2024,6,21,75719
Tokyo,2024,6,22,75559
Tokyo,2024,6,23,76373
Tokyo,2024,6,24,75758
Tokyo,2024,6,25,75209
Tokyo,2024,6,26,75910
Tokyo,2024,6,27,75798
Tokyo,2024,6,28,76291
Tokyo,2024,6,29,75649
Tokyo,2024,6,30,76024
Tokyo,2024,7,1,76174
Tokyo,2024,7,2,75964
Tokyo,2024,7,3,74992
Tokyo,2024,7,4,75080
Tokyo,2024,7,5,75025
Tokyo,2024,7,6,75866
Tokyo,2024,7,7,75035
Tokyo,2024,7,8,75179
Tokyo,2024,7,9,75137
Tokyo,2024,7,10,75952
Tokyo,2024,7,11,76104
Tokyo,2024,7,12,76068
Tokyo,2024,7,13,76059
Tokyo,2024,7,14,76307
Tokyo,2024,7,15,76031
Tokyo,2024,7,16,76203
Tokyo,2024,7,17,74999
Tokyo,2024,7,18,75005
Tokyo,2024,7,19,75041
Tokyo,2024,7,20,75973
Tokyo,2024,7,21,74997
Tokyo,2024,7,22,75083
Tokyo,2024,7,23,75024
Tokyo,2024,7,24,75754
Tokyo,2024,7,25,75985
Tokyo,2024,7,26,75080
Tokyo,2024,7,27,75051
Tokyo,2024,7,28,75116
Tokyo,2024,7,29,75040
Tokyo,2024,7,30,75723
Tokyo,2024,7,31,75947
Tokyo,2024,8,1,75629
Tokyo,2024,8,2,75003
Tokyo,2024,8,3,75050
Tokyo,2024,8,4,75038
Tokyo,2024,8,5,75647
Tokyo,2024,8,6,76068
Tokyo,2024,8,7,75990
Tokyo,2024,8,8,75833
Tokyo,2024,8,9,75691
Tokyo,2024,8,10,75152
Tokyo,2024,8,11,75064
Tokyo,2024,8,12,74928
Tokyo,2024,8,13,75525
Tokyo,2024,8,14,75900
Tokyo,2024,8,15,76122
Tokyo,2024,8,16,75937
Tokyo,2024,8,17,75747
Tokyo,2024,8,18,76045
Tokyo,2024,8,19,75987
Tokyo,2024,8,20,75077
Tokyo,2024,8,21,75991
Tokyo,2024,8,22,75926
Tokyo,2024,8,23,75863
Tokyo,2024,8,24,75975
Tokyo,2024,8,25,75663
Tokyo,2024,8,26,75645
Tokyo,2024,8,27,75871
Tokyo,2024,8,28,75741
Tokyo,2024,8,29,76016
Tokyo,2024,8,30,76012
Tokyo,2024,8,31,76173
